> Task :gradle-plugin:shared:checkKotlinGradlePluginConfigurationErrors SKIPPED
> Task :expo-gradle-plugin:expo-autolinking-plugin-shared:checkKotlinGradlePluginConfigurationErrors SKIPPED
> Task :expo-gradle-plugin:expo-autolinking-settings-plugin:checkKotlinGradlePluginConfigurationErrors SKIPPED
> Task :gradle-plugin:settings-plugin:checkKotlinGradlePluginConfigurationErrors SKIPPED
> Task :expo-gradle-plugin:expo-autolinking-settings-plugin:pluginDescriptors UP-TO-DATE
> Task :gradle-plugin:settings-plugin:pluginDescriptors UP-TO-DATE
> Task :gradle-plugin:settings-plugin:processResources UP-TO-DATE
> Task :expo-gradle-plugin:expo-autolinking-settings-plugin:processResources UP-TO-DATE
> Task :gradle-plugin:shared:compileKotlin UP-TO-DATE
> Task :expo-gradle-plugin:expo-autolinking-plugin-shared:compileKotlin UP-TO-DATE
> Task :gradle-plugin:shared:compileJava NO-SOURCE
> Task :expo-gradle-plugin:expo-autolinking-plugin-shared:compileJava NO-SOURCE
> Task :gradle-plugin:shared:processResources NO-SOURCE
> Task :gradle-plugin:shared:classes UP-TO-DATE
> Task :expo-gradle-plugin:expo-autolinking-plugin-shared:processResources NO-SOURCE
> Task :expo-gradle-plugin:expo-autolinking-plugin-shared:classes UP-TO-DATE
> Task :gradle-plugin:shared:jar UP-TO-DATE
> Task :expo-gradle-plugin:expo-autolinking-plugin-shared:jar UP-TO-DATE
> Task :gradle-plugin:settings-plugin:compileKotlin UP-TO-DATE
> Task :gradle-plugin:settings-plugin:compileJava NO-SOURCE
> Task :gradle-plugin:settings-plugin:classes UP-TO-DATE
> Task :gradle-plugin:settings-plugin:jar UP-TO-DATE
> Task :expo-gradle-plugin:expo-autolinking-settings-plugin:compileKotlin UP-TO-DATE
> Task :expo-gradle-plugin:expo-autolinking-settings-plugin:compileJava NO-SOURCE
> Task :expo-gradle-plugin:expo-autolinking-settings-plugin:classes UP-TO-DATE
> Task :expo-gradle-plugin:expo-autolinking-settings-plugin:jar UP-TO-DATE
> Task :expo-gradle-plugin:expo-autolinking-plugin:checkKotlinGradlePluginConfigurationErrors SKIPPED
> Task :expo-gradle-plugin:expo-max-sdk-override-plugin:checkKotlinGradlePluginConfigurationErrors SKIPPED
> Task :gradle-plugin:react-native-gradle-plugin:checkKotlinGradlePluginConfigurationErrors SKIPPED
> Task :expo-module-gradle-plugin:checkKotlinGradlePluginConfigurationErrors SKIPPED
> Task :expo-dev-launcher-gradle-plugin:checkKotlinGradlePluginConfigurationErrors SKIPPED
> Task :expo-dev-launcher-gradle-plugin:pluginDescriptors UP-TO-DATE
> Task :expo-module-gradle-plugin:pluginDescriptors UP-TO-DATE
> Task :expo-dev-launcher-gradle-plugin:processResources UP-TO-DATE
> Task :expo-module-gradle-plugin:processResources UP-TO-DATE
> Task :expo-gradle-plugin:expo-autolinking-plugin:compileKotlin UP-TO-DATE
> Task :expo-gradle-plugin:expo-autolinking-plugin:compileJava NO-SOURCE
> Task :expo-gradle-plugin:expo-autolinking-plugin:pluginDescriptors UP-TO-DATE
> Task :expo-gradle-plugin:expo-max-sdk-override-plugin:compileKotlin UP-TO-DATE
> Task :expo-gradle-plugin:expo-autolinking-plugin:processResources UP-TO-DATE
> Task :expo-gradle-plugin:expo-autolinking-plugin:classes UP-TO-DATE
> Task :expo-gradle-plugin:expo-max-sdk-override-plugin:compileJava NO-SOURCE
> Task :expo-gradle-plugin:expo-max-sdk-override-plugin:pluginDescriptors UP-TO-DATE
> Task :expo-gradle-plugin:expo-autolinking-plugin:jar UP-TO-DATE
> Task :expo-gradle-plugin:expo-max-sdk-override-plugin:processResources UP-TO-DATE
> Task :gradle-plugin:react-native-gradle-plugin:compileKotlin UP-TO-DATE
> Task :expo-gradle-plugin:expo-max-sdk-override-plugin:classes UP-TO-DATE
> Task :gradle-plugin:react-native-gradle-plugin:compileJava NO-SOURCE
> Task :expo-gradle-plugin:expo-max-sdk-override-plugin:jar UP-TO-DATE
> Task :gradle-plugin:react-native-gradle-plugin:pluginDescriptors UP-TO-DATE
> Task :gradle-plugin:react-native-gradle-plugin:processResources UP-TO-DATE
> Task :gradle-plugin:react-native-gradle-plugin:classes UP-TO-DATE
> Task :gradle-plugin:react-native-gradle-plugin:jar UP-TO-DATE
> Task :expo-dev-launcher-gradle-plugin:compileKotlin UP-TO-DATE
> Task :expo-module-gradle-plugin:compileKotlin UP-TO-DATE
> Task :expo-dev-launcher-gradle-plugin:compileJava NO-SOURCE
> Task :expo-dev-launcher-gradle-plugin:classes UP-TO-DATE
> Task :expo-module-gradle-plugin:compileJava NO-SOURCE
> Task :expo-module-gradle-plugin:classes UP-TO-DATE
> Task :expo-module-gradle-plugin:jar UP-TO-DATE
> Task :expo-dev-launcher-gradle-plugin:jar UP-TO-DATE

> Configure project :app
 ℹ️  [33mApplying gradle plugin[0m '[32mexpo-max-sdk-override-plugin[0m'
  [expo-max-sdk-override-plugin] This plugin will find all permissions declared with `android:maxSdkVersion`. If there exists a declaration with the `android:maxSdkVersion` annotation and another one without, the plugin will remove the annotation from the final merged manifest. In order to see a log with the changes run a clean build of the app.
 ℹ️  [33mApplying gradle plugin[0m '[32mexpo-dev-launcher-gradle-plugin[0m'

> Configure project :
[32m[ExpoRootProject][0m Using the following versions:
  - buildTools:  [32m36.0.0[0m
  - minSdk:      [32m24[0m
  - compileSdk:  [32m36[0m
  - targetSdk:   [32m36[0m
  - ndk:         [32m27.1.12297006[0m
  - kotlin:      [32m2.1.20[0m
  - ksp:         [32m2.1.20-2.0.1[0m

> Configure project :expo-modules-core
Linking react-native-worklets native libs into expo-modules-core build tasks
task ':react-native-worklets:mergeDebugNativeLibs'
task ':react-native-worklets:mergeReleaseNativeLibs'

> Configure project :expo

Using expo modules
  - [32mexpo-log-box[0m (57.0.4)
  - [32mexpo-constants[0m (57.0.18)
  - [32mexpo-dev-client[0m (57.0.19)
  - [32mexpo-dev-launcher[0m (57.0.20)
  - [32mexpo-dev-menu[0m (57.0.18)
  - [32mexpo-dev-menu-interface[0m (57.0.0)
  - [32mexpo-json-utils[0m (57.0.2)
  - [32mexpo-manifests[0m (57.0.2)
  - [32mexpo-modules-core[0m (57.0.18)
  - [32mexpo-updates-interface[0m (57.0.2)
  - [33m[📦][0m [32mexpo-dom-webview[0m (57.0.1)
  - [33m[📦][0m [32mexpo-application[0m (57.0.3)
  - [33m[📦][0m [32mexpo-asset[0m (57.0.17)
  - [33m[📦][0m [32mexpo-clipboard[0m (57.0.2)
  - [33m[📦][0m [32mexpo-contacts[0m (57.0.5)
  - [33m[📦][0m [32mexpo-device[0m (57.0.2)
  - [33m[📦][0m [32mexpo-file-system[0m (57.0.7)
  - [33m[📦][0m [32mexpo-font[0m (57.0.4)
  - [33m[📦][0m [32mexpo-haptics[0m (57.0.3)
  - [33m[📦][0m [32mexpo-image[0m (57.0.5)
  - [33m[📦][0m [32mexpo-keep-awake[0m (57.0.2)
  - [33m[📦][0m [32mexpo-linear-gradient[0m (57.0.2)
  - [33m[📦][0m [32mexpo-splash-screen[0m (57.0.9)
  - [33m[📦][0m [32mexpo-status-bar[0m (57.0.1)


> Configure project :react-native-firebase_analytics
:react-native-firebase_analytics package.json found at F:\Mooby\truco-mineiro\node_modules\@react-native-firebase\analytics\package.json
:react-native-firebase_app package.json found at F:\Mooby\truco-mineiro\node_modules\@react-native-firebase\app\package.json
:react-native-firebase_analytics:firebase.bom using default value: 34.18.0
:react-native-firebase_analytics package.json found at F:\Mooby\truco-mineiro\node_modules\@react-native-firebase\analytics\package.json
:react-native-firebase_analytics:version set from package.json: 26.4.0 (26,4,0 - 26004000)
:react-native-firebase_analytics:android.compileSdk using custom value: 36
:react-native-firebase_analytics:android.targetSdk using custom value: 36
:react-native-firebase_analytics:android.minSdk using custom value: 24
:react-native-firebase_analytics:reactNativeAndroidDir F:\Mooby\truco-mineiro\node_modules\react-native

> Configure project :react-native-firebase_app
:react-native-firebase_app package.json found at F:\Mooby\truco-mineiro\node_modules\@react-native-firebase\app\package.json
:react-native-firebase_app:firebase.bom using default value: 34.18.0
:react-native-firebase_app:play.play-services-auth using default value: 21.5.0
:react-native-firebase_app package.json found at F:\Mooby\truco-mineiro\node_modules\@react-native-firebase\app\package.json
:react-native-firebase_app:version set from package.json: 26.4.0 (26,4,0 - 26004000)
:react-native-firebase_app:android.compileSdk using custom value: 36
:react-native-firebase_app:android.targetSdk using custom value: 36
:react-native-firebase_app:android.minSdk using custom value: 24
:react-native-firebase_app:reactNativeAndroidDir F:\Mooby\truco-mineiro\node_modules\react-native

> Configure project :react-native-firebase_app-check
:react-native-firebase_app-check package.json found at F:\Mooby\truco-mineiro\node_modules\@react-native-firebase\app-check\package.json
:react-native-firebase_app package.json found at F:\Mooby\truco-mineiro\node_modules\@react-native-firebase\app\package.json
:react-native-firebase_app-check:firebase.bom using default value: 34.18.0
:react-native-firebase_app-check package.json found at F:\Mooby\truco-mineiro\node_modules\@react-native-firebase\app-check\package.json
:react-native-firebase_app-check:version set from package.json: 26.4.0 (26,4,0 - 26004000)
:react-native-firebase_app-check:android.compileSdk using custom value: 36
:react-native-firebase_app-check:android.targetSdk using custom value: 36
:react-native-firebase_app-check:android.minSdk using custom value: 24
:react-native-firebase_app-check:reactNativeAndroidDir F:\Mooby\truco-mineiro\node_modules\react-native

> Configure project :react-native-firebase_auth
:react-native-firebase_auth package.json found at F:\Mooby\truco-mineiro\node_modules\@react-native-firebase\auth\package.json
:react-native-firebase_app package.json found at F:\Mooby\truco-mineiro\node_modules\@react-native-firebase\app\package.json
:react-native-firebase_auth:firebase.bom using default value: 34.18.0
:react-native-firebase_auth package.json found at F:\Mooby\truco-mineiro\node_modules\@react-native-firebase\auth\package.json
:react-native-firebase_auth:version set from package.json: 26.4.0 (26,4,0 - 26004000)
:react-native-firebase_auth:android.compileSdk using custom value: 36
:react-native-firebase_auth:android.targetSdk using custom value: 36
:react-native-firebase_auth:android.minSdk using custom value: 24
:react-native-firebase_auth:reactNativeAndroidDir F:\Mooby\truco-mineiro\node_modules\react-native

> Configure project :react-native-firebase_crashlytics
:react-native-firebase_crashlytics package.json found at F:\Mooby\truco-mineiro\node_modules\@react-native-firebase\crashlytics\package.json
:react-native-firebase_app package.json found at F:\Mooby\truco-mineiro\node_modules\@react-native-firebase\app\package.json
:react-native-firebase_crashlytics:firebase.bom using default value: 34.18.0
:react-native-firebase_crashlytics package.json found at F:\Mooby\truco-mineiro\node_modules\@react-native-firebase\crashlytics\package.json
:react-native-firebase_crashlytics:version set from package.json: 26.4.0 (26,4,0 - 26004000)
:react-native-firebase_crashlytics:android.compileSdk using custom value: 36
:react-native-firebase_crashlytics:android.targetSdk using custom value: 36
:react-native-firebase_crashlytics:android.minSdk using custom value: 24
:react-native-firebase_crashlytics:reactNativeAndroidDir F:\Mooby\truco-mineiro\node_modules\react-native

> Configure project :react-native-firebase_database
:react-native-firebase_database package.json found at F:\Mooby\truco-mineiro\node_modules\@react-native-firebase\database\package.json
:react-native-firebase_app package.json found at F:\Mooby\truco-mineiro\node_modules\@react-native-firebase\app\package.json
:react-native-firebase_database:firebase.bom using default value: 34.18.0
:react-native-firebase_database package.json found at F:\Mooby\truco-mineiro\node_modules\@react-native-firebase\database\package.json
:react-native-firebase_database:version set from package.json: 26.4.0 (26,4,0 - 26004000)
:react-native-firebase_database:android.compileSdk using custom value: 36
:react-native-firebase_database:android.targetSdk using custom value: 36
:react-native-firebase_database:android.minSdk using custom value: 24
:react-native-firebase_database:reactNativeAndroidDir F:\Mooby\truco-mineiro\node_modules\react-native

> Configure project :react-native-firebase_firestore
:react-native-firebase_firestore package.json found at F:\Mooby\truco-mineiro\node_modules\@react-native-firebase\firestore\package.json
:react-native-firebase_app package.json found at F:\Mooby\truco-mineiro\node_modules\@react-native-firebase\app\package.json
:react-native-firebase_firestore:firebase.bom using default value: 34.18.0
:react-native-firebase_firestore package.json found at F:\Mooby\truco-mineiro\node_modules\@react-native-firebase\firestore\package.json
:react-native-firebase_firestore:version set from package.json: 26.4.0 (26,4,0 - 26004000)
:react-native-firebase_firestore:android.compileSdk using custom value: 36
:react-native-firebase_firestore:android.targetSdk using custom value: 36
:react-native-firebase_firestore:android.minSdk using custom value: 24
:react-native-firebase_firestore:reactNativeAndroidDir F:\Mooby\truco-mineiro\node_modules\react-native

> Configure project :react-native-firebase_functions
:react-native-firebase_functions package.json found at F:\Mooby\truco-mineiro\node_modules\@react-native-firebase\functions\package.json
:react-native-firebase_app package.json found at F:\Mooby\truco-mineiro\node_modules\@react-native-firebase\app\package.json
:react-native-firebase_functions:firebase.bom using default value: 34.18.0
:react-native-firebase_functions package.json found at F:\Mooby\truco-mineiro\node_modules\@react-native-firebase\functions\package.json
:react-native-firebase_functions:version set from package.json: 26.4.0 (26,4,0 - 26004000)
:react-native-firebase_functions:android.compileSdk using custom value: 36
:react-native-firebase_functions:android.targetSdk using custom value: 36
:react-native-firebase_functions:android.minSdk using custom value: 24
:react-native-firebase_functions:reactNativeAndroidDir F:\Mooby\truco-mineiro\node_modules\react-native

> Configure project :react-native-firebase_messaging
:react-native-firebase_messaging package.json found at F:\Mooby\truco-mineiro\node_modules\@react-native-firebase\messaging\package.json
:react-native-firebase_app package.json found at F:\Mooby\truco-mineiro\node_modules\@react-native-firebase\app\package.json
:react-native-firebase_messaging:firebase.bom using default value: 34.18.0
:react-native-firebase_messaging package.json found at F:\Mooby\truco-mineiro\node_modules\@react-native-firebase\messaging\package.json
:react-native-firebase_messaging:version set from package.json: 26.4.0 (26,4,0 - 26004000)
:react-native-firebase_messaging:android.compileSdk using custom value: 36
:react-native-firebase_messaging:android.targetSdk using custom value: 36
:react-native-firebase_messaging:android.minSdk using custom value: 24
:react-native-firebase_messaging:reactNativeAndroidDir F:\Mooby\truco-mineiro\node_modules\react-native

> Configure project :react-native-firebase_perf
:react-native-firebase_perf package.json found at F:\Mooby\truco-mineiro\node_modules\@react-native-firebase\perf\package.json
:react-native-firebase_app package.json found at F:\Mooby\truco-mineiro\node_modules\@react-native-firebase\app\package.json
:react-native-firebase_perf:firebase.bom using default value: 34.18.0
:react-native-firebase_perf package.json found at F:\Mooby\truco-mineiro\node_modules\@react-native-firebase\perf\package.json
:react-native-firebase_perf:version set from package.json: 26.4.0 (26,4,0 - 26004000)
:react-native-firebase_perf:android.compileSdk using custom value: 36
:react-native-firebase_perf:android.targetSdk using custom value: 36
:react-native-firebase_perf:android.minSdk using custom value: 24
:react-native-firebase_perf:reactNativeAndroidDir F:\Mooby\truco-mineiro\node_modules\react-native

> Configure project :react-native-firebase_remote-config
:react-native-firebase_remote-config package.json found at F:\Mooby\truco-mineiro\node_modules\@react-native-firebase\remote-config\package.json
:react-native-firebase_app package.json found at F:\Mooby\truco-mineiro\node_modules\@react-native-firebase\app\package.json
:react-native-firebase_remote-config:firebase.bom using default value: 34.18.0
:react-native-firebase_remote-config package.json found at F:\Mooby\truco-mineiro\node_modules\@react-native-firebase\remote-config\package.json
:react-native-firebase_remote-config:version set from package.json: 26.4.0 (26,4,0 - 26004000)
:react-native-firebase_remote-config:android.compileSdk using custom value: 36
:react-native-firebase_remote-config:android.targetSdk using custom value: 36
:react-native-firebase_remote-config:android.minSdk using custom value: 24
:react-native-firebase_remote-config:reactNativeAndroidDir F:\Mooby\truco-mineiro\node_modules\react-native

> Configure project :react-native-firebase_storage
:react-native-firebase_storage package.json found at F:\Mooby\truco-mineiro\node_modules\@react-native-firebase\storage\package.json
:react-native-firebase_app package.json found at F:\Mooby\truco-mineiro\node_modules\@react-native-firebase\app\package.json
:react-native-firebase_storage:firebase.bom using default value: 34.18.0
:react-native-firebase_storage package.json found at F:\Mooby\truco-mineiro\node_modules\@react-native-firebase\storage\package.json
:react-native-firebase_storage:version set from package.json: 26.4.0 (26,4,0 - 26004000)
:react-native-firebase_storage:android.compileSdk using custom value: 36
:react-native-firebase_storage:android.targetSdk using custom value: 36
:react-native-firebase_storage:android.minSdk using custom value: 24
:react-native-firebase_storage:reactNativeAndroidDir F:\Mooby\truco-mineiro\node_modules\react-native

> Configure project :react-native-google-mobile-ads
:react-native-google-mobile-ads package.json found at F:\Mooby\truco-mineiro\node_modules\react-native-google-mobile-ads\package.json




**************************************************************************************************************




WARNING: react-native-google-mobile-ads requires an 'android_app_id' property inside a 'react-native-google-mobile-ads' key in your app.json.
         No android_app_id property was found in this location. The native Google Mobile Ads SDK will crash on startup without it.
         You can safely ignore this warning if you are using our Expo config plugin.




**************************************************************************************************************




:react-native-google-mobile-ads package.json found at F:\Mooby\truco-mineiro\node_modules\react-native-google-mobile-ads\package.json
:react-native-google-mobile-ads:version set from package.json: 16.2.3 (16,2,3 - 16002003)
:react-native-google-mobile-ads:android.compileSdk using custom value: 36
:react-native-google-mobile-ads:android.targetSdk using custom value: 36
:react-native-google-mobile-ads:android.minSdk using custom value: 24
:react-native-google-mobile-ads:reactNativeAndroidDir F:\Mooby\truco-mineiro\node_modules\react-native

> Task :expo-dev-launcher:preBuild UP-TO-DATE
> Task :expo-dev-client:preBuild UP-TO-DATE
> Task :expo-updates-interface:preBuild UP-TO-DATE
> Task :expo-manifests:preBuild UP-TO-DATE
> Task :expo-dev-menu:preBuild UP-TO-DATE
> Task :expo-dev-menu-interface:preBuild UP-TO-DATE
> Task :expo-json-utils:preBuild UP-TO-DATE
> Task :expo-log-box:preBuild UP-TO-DATE
> Task :react-native-firebase_analytics:preBuild UP-TO-DATE
> Task :react-native-firebase_app-check:preBuild UP-TO-DATE
> Task :expo-modules-core:preBuild UP-TO-DATE
> Task :expo:generatePackagesList UP-TO-DATE
> Task :react-native-firebase_auth:preBuild UP-TO-DATE
> Task :expo:preBuild UP-TO-DATE
> Task :react-native-firebase_firestore:preBuild UP-TO-DATE
> Task :react-native-firebase_functions:preBuild UP-TO-DATE
> Task :react-native-firebase_database:preBuild UP-TO-DATE
> Task :react-native-firebase_remote-config:preBuild UP-TO-DATE
> Task :react-native-firebase_crashlytics:preBuild UP-TO-DATE
> Task :react-native-firebase_app:preBuild UP-TO-DATE
> Task :react-native-firebase_storage:preBuild UP-TO-DATE
> Task :react-native-firebase_perf:preBuild UP-TO-DATE
> Task :react-native-firebase_messaging:preBuild UP-TO-DATE
> Task :react-native-async-storage_async-storage:generateCodegenSchemaFromJavaScript UP-TO-DATE
> Task :expo-dev-client:preDebugBuild UP-TO-DATE
> Task :react-native-gesture-handler:generateCodegenSchemaFromJavaScript UP-TO-DATE
> Task :expo:preDebugBuild UP-TO-DATE
> Task :react-native-screens:generateCodegenSchemaFromJavaScript UP-TO-DATE
> Task :react-native-svg:generateCodegenSchemaFromJavaScript UP-TO-DATE
> Task :expo-dev-client:writeDebugAarMetadata UP-TO-DATE
> Task :expo-dev-launcher:preDebugBuild UP-TO-DATE
> Task :expo:writeDebugAarMetadata UP-TO-DATE
> Task :react-native-google-mobile-ads:generateCodegenSchemaFromJavaScript UP-TO-DATE
> Task :expo-dev-menu:preDebugBuild UP-TO-DATE
> Task :expo-dev-menu:writeDebugAarMetadata UP-TO-DATE
> Task :expo-dev-launcher:writeDebugAarMetadata UP-TO-DATE
> Task :react-native-safe-area-context:generateCodegenSchemaFromJavaScript UP-TO-DATE
> Task :expo-dev-menu-interface:preDebugBuild UP-TO-DATE
> Task :expo-json-utils:preDebugBuild UP-TO-DATE
> Task :react-native-async-storage_async-storage:generateCodegenArtifactsFromSchema UP-TO-DATE
> Task :react-native-gesture-handler:generateCodegenArtifactsFromSchema UP-TO-DATE
> Task :react-native-async-storage_async-storage:preBuild UP-TO-DATE
> Task :expo-log-box:preDebugBuild UP-TO-DATE
> Task :expo-dev-menu-interface:writeDebugAarMetadata UP-TO-DATE
> Task :expo-manifests:preDebugBuild UP-TO-DATE
> Task :expo-json-utils:writeDebugAarMetadata UP-TO-DATE
> Task :expo-manifests:writeDebugAarMetadata UP-TO-DATE
> Task :react-native-screens:generateCodegenArtifactsFromSchema UP-TO-DATE
> Task :react-native-screens:preBuild UP-TO-DATE
> Task :react-native-gesture-handler:preBuild UP-TO-DATE
> Task :expo-updates-interface:preDebugBuild UP-TO-DATE
> Task :expo-updates-interface:writeDebugAarMetadata UP-TO-DATE
> Task :react-native-async-storage_async-storage:preDebugBuild UP-TO-DATE
> Task :react-native-svg:generateCodegenArtifactsFromSchema UP-TO-DATE
> Task :react-native-google-mobile-ads:generateCodegenArtifactsFromSchema UP-TO-DATE
> Task :react-native-async-storage_async-storage:writeDebugAarMetadata UP-TO-DATE
> Task :react-native-svg:preBuild UP-TO-DATE
> Task :react-native-firebase_app:preDebugBuild UP-TO-DATE
> Task :react-native-firebase_app-check:preDebugBuild UP-TO-DATE
> Task :react-native-firebase_app:writeDebugAarMetadata UP-TO-DATE
> Task :react-native-firebase_auth:preDebugBuild UP-TO-DATE
> Task :react-native-safe-area-context:generateCodegenArtifactsFromSchema UP-TO-DATE
> Task :react-native-firebase_auth:writeDebugAarMetadata UP-TO-DATE
> Task :react-native-firebase_database:preDebugBuild UP-TO-DATE
> Task :expo-log-box:writeDebugAarMetadata UP-TO-DATE
> Task :react-native-firebase_firestore:preDebugBuild UP-TO-DATE
> Task :react-native-firebase_crashlytics:preDebugBuild UP-TO-DATE
> Task :react-native-safe-area-context:preBuild UP-TO-DATE
> Task :react-native-firebase_database:writeDebugAarMetadata UP-TO-DATE
> Task :react-native-firebase_crashlytics:writeDebugAarMetadata UP-TO-DATE
> Task :react-native-firebase_functions:preDebugBuild UP-TO-DATE
> Task :react-native-firebase_functions:writeDebugAarMetadata UP-TO-DATE
> Task :react-native-firebase_messaging:preDebugBuild UP-TO-DATE
> Task :react-native-firebase_app-check:writeDebugAarMetadata UP-TO-DATE
> Task :react-native-firebase_perf:preDebugBuild UP-TO-DATE
> Task :react-native-firebase_messaging:writeDebugAarMetadata UP-TO-DATE
> Task :react-native-firebase_analytics:preDebugBuild UP-TO-DATE
> Task :react-native-google-mobile-ads:preBuild UP-TO-DATE
> Task :expo-modules-core:preDebugBuild UP-TO-DATE
> Task :react-native-firebase_remote-config:preDebugBuild UP-TO-DATE
> Task :react-native-firebase_analytics:writeDebugAarMetadata UP-TO-DATE
> Task :react-native-firebase_perf:writeDebugAarMetadata UP-TO-DATE
> Task :react-native-safe-area-context:preDebugBuild UP-TO-DATE
> Task :react-native-google-mobile-ads:preDebugBuild UP-TO-DATE
> Task :react-native-gesture-handler:preDebugBuild UP-TO-DATE
> Task :react-native-firebase_storage:preDebugBuild UP-TO-DATE
> Task :react-native-gesture-handler:writeDebugAarMetadata UP-TO-DATE
> Task :expo-modules-core:writeDebugAarMetadata UP-TO-DATE
> Task :react-native-firebase_remote-config:writeDebugAarMetadata UP-TO-DATE
> Task :react-native-firebase_storage:writeDebugAarMetadata UP-TO-DATE
> Task :react-native-svg:preDebugBuild UP-TO-DATE
> Task :react-native-screens:preDebugBuild UP-TO-DATE
> Task :react-native-firebase_firestore:writeDebugAarMetadata UP-TO-DATE
> Task :expo:generateDebugResValues UP-TO-DATE
> Task :react-native-screens:writeDebugAarMetadata UP-TO-DATE
> Task :react-native-google-mobile-ads:writeDebugAarMetadata UP-TO-DATE
> Task :expo-dev-launcher:generateDebugResValues UP-TO-DATE
> Task :expo-dev-menu:generateDebugResValues UP-TO-DATE
> Task :react-native-safe-area-context:writeDebugAarMetadata UP-TO-DATE
> Task :expo-dev-menu-interface:generateDebugResValues UP-TO-DATE
> Task :expo-dev-menu:generateDebugResources UP-TO-DATE
> Task :expo-dev-launcher:generateDebugResources UP-TO-DATE
> Task :expo-dev-client:generateDebugResValues UP-TO-DATE
> Task :react-native-svg:writeDebugAarMetadata UP-TO-DATE
> Task :expo-json-utils:generateDebugResValues UP-TO-DATE
> Task :expo-dev-client:generateDebugResources UP-TO-DATE
> Task :expo:generateDebugResources UP-TO-DATE
> Task :expo-dev-menu:packageDebugResources UP-TO-DATE
> Task :expo-dev-launcher:packageDebugResources UP-TO-DATE
> Task :expo-dev-menu-interface:generateDebugResources UP-TO-DATE
> Task :expo-modules-core:generateDebugResValues UP-TO-DATE
> Task :expo-json-utils:generateDebugResources UP-TO-DATE
> Task :expo-dev-client:packageDebugResources UP-TO-DATE
> Task :expo-manifests:generateDebugResValues UP-TO-DATE
> Task :expo-modules-core:generateDebugResources UP-TO-DATE
> Task :expo-manifests:generateDebugResources UP-TO-DATE
> Task :expo:packageDebugResources UP-TO-DATE
> Task :expo-modules-core:packageDebugResources UP-TO-DATE
> Task :expo-json-utils:packageDebugResources UP-TO-DATE
> Task :expo-log-box:generateDebugResValues UP-TO-DATE
> Task :expo-updates-interface:generateDebugResValues UP-TO-DATE
> Task :react-native-async-storage_async-storage:generateDebugResValues UP-TO-DATE
> Task :expo-manifests:packageDebugResources UP-TO-DATE
> Task :expo-updates-interface:generateDebugResources UP-TO-DATE
> Task :expo-dev-menu-interface:packageDebugResources UP-TO-DATE
> Task :expo-log-box:generateDebugResources UP-TO-DATE
> Task :react-native-firebase_analytics:generateDebugResValues UP-TO-DATE
> Task :react-native-async-storage_async-storage:generateDebugResources UP-TO-DATE
> Task :react-native-firebase_app:generateDebugResValues UP-TO-DATE
> Task :expo-updates-interface:packageDebugResources UP-TO-DATE
> Task :expo-log-box:packageDebugResources UP-TO-DATE
> Task :react-native-firebase_analytics:generateDebugResources UP-TO-DATE
> Task :react-native-firebase_app-check:generateDebugResValues UP-TO-DATE
> Task :react-native-firebase_app:generateDebugResources UP-TO-DATE
> Task :react-native-firebase_auth:generateDebugResValues UP-TO-DATE
> Task :react-native-firebase_app-check:generateDebugResources UP-TO-DATE
> Task :react-native-async-storage_async-storage:packageDebugResources UP-TO-DATE
> Task :react-native-firebase_auth:generateDebugResources UP-TO-DATE
> Task :react-native-firebase_analytics:packageDebugResources UP-TO-DATE
> Task :react-native-firebase_crashlytics:generateDebugResValues UP-TO-DATE
> Task :react-native-firebase_app:packageDebugResources UP-TO-DATE
> Task :react-native-firebase_database:generateDebugResValues UP-TO-DATE
> Task :react-native-firebase_crashlytics:generateDebugResources UP-TO-DATE
> Task :react-native-firebase_firestore:generateDebugResValues UP-TO-DATE
> Task :react-native-firebase_auth:packageDebugResources UP-TO-DATE
> Task :react-native-firebase_app-check:packageDebugResources UP-TO-DATE
> Task :react-native-firebase_database:generateDebugResources UP-TO-DATE
> Task :react-native-firebase_firestore:generateDebugResources UP-TO-DATE
> Task :react-native-firebase_functions:generateDebugResValues UP-TO-DATE
> Task :react-native-firebase_functions:generateDebugResources UP-TO-DATE
> Task :react-native-firebase_crashlytics:packageDebugResources UP-TO-DATE
> Task :react-native-firebase_database:packageDebugResources UP-TO-DATE
> Task :react-native-firebase_messaging:generateDebugResValues UP-TO-DATE
> Task :react-native-firebase_perf:generateDebugResValues UP-TO-DATE
> Task :react-native-firebase_messaging:generateDebugResources UP-TO-DATE
> Task :react-native-firebase_perf:generateDebugResources UP-TO-DATE
> Task :react-native-firebase_firestore:packageDebugResources UP-TO-DATE
> Task :react-native-firebase_functions:packageDebugResources UP-TO-DATE
> Task :react-native-firebase_remote-config:generateDebugResValues UP-TO-DATE
> Task :react-native-firebase_storage:generateDebugResValues UP-TO-DATE
> Task :react-native-firebase_messaging:packageDebugResources UP-TO-DATE
> Task :react-native-firebase_perf:packageDebugResources UP-TO-DATE
> Task :react-native-firebase_remote-config:generateDebugResources UP-TO-DATE
> Task :react-native-firebase_storage:generateDebugResources UP-TO-DATE
> Task :react-native-gesture-handler:generateDebugResValues UP-TO-DATE
> Task :react-native-google-mobile-ads:generateDebugResValues UP-TO-DATE
> Task :react-native-gesture-handler:generateDebugResources UP-TO-DATE
> Task :react-native-firebase_remote-config:packageDebugResources UP-TO-DATE
> Task :react-native-firebase_storage:packageDebugResources UP-TO-DATE
> Task :react-native-google-mobile-ads:generateDebugResources UP-TO-DATE
> Task :react-native-screens:generateDebugResValues UP-TO-DATE
> Task :react-native-safe-area-context:generateDebugResValues UP-TO-DATE
> Task :react-native-safe-area-context:generateDebugResources UP-TO-DATE
> Task :react-native-gesture-handler:packageDebugResources UP-TO-DATE
> Task :react-native-screens:generateDebugResources UP-TO-DATE
> Task :react-native-google-mobile-ads:packageDebugResources UP-TO-DATE
> Task :react-native-svg:generateDebugResValues UP-TO-DATE
> Task :react-native-svg:generateDebugResources UP-TO-DATE
> Task :react-native-safe-area-context:packageDebugResources UP-TO-DATE
> Task :react-native-screens:packageDebugResources UP-TO-DATE
> Task :expo:extractDeepLinksDebug UP-TO-DATE
> Task :react-native-svg:packageDebugResources UP-TO-DATE
> Task :expo-dev-client:extractDeepLinksDebug UP-TO-DATE
> Task :expo-dev-launcher:extractDeepLinksDebug UP-TO-DATE
> Task :expo-dev-client:processDebugManifest UP-TO-DATE
> Task :expo:processDebugManifest UP-TO-DATE
> Task :expo-dev-launcher:processDebugManifest UP-TO-DATE
> Task :expo-dev-menu:extractDeepLinksDebug UP-TO-DATE
> Task :expo-dev-menu-interface:extractDeepLinksDebug UP-TO-DATE
> Task :expo-dev-menu:processDebugManifest UP-TO-DATE
> Task :expo-json-utils:extractDeepLinksDebug UP-TO-DATE
> Task :expo-log-box:extractDeepLinksDebug UP-TO-DATE
> Task :expo-dev-menu-interface:processDebugManifest UP-TO-DATE
> Task :expo-manifests:extractDeepLinksDebug UP-TO-DATE
> Task :expo-json-utils:processDebugManifest UP-TO-DATE
> Task :expo-log-box:processDebugManifest UP-TO-DATE
> Task :expo-modules-core:extractDeepLinksDebug UP-TO-DATE
> Task :expo-updates-interface:extractDeepLinksDebug UP-TO-DATE
> Task :expo-manifests:processDebugManifest UP-TO-DATE
> Task :react-native-async-storage_async-storage:extractDeepLinksDebug UP-TO-DATE
> Task :expo-modules-core:processDebugManifest UP-TO-DATE
> Task :react-native-firebase_analytics:extractDeepLinksDebug UP-TO-DATE
> Task :expo-updates-interface:processDebugManifest UP-TO-DATE
> Task :react-native-async-storage_async-storage:processDebugManifest UP-TO-DATE
> Task :react-native-firebase_app:extractDeepLinksDebug UP-TO-DATE
> Task :react-native-firebase_app-check:extractDeepLinksDebug UP-TO-DATE
> Task :react-native-firebase_app:processDebugManifest UP-TO-DATE
> Task :react-native-firebase_auth:extractDeepLinksDebug UP-TO-DATE
> Task :react-native-firebase_crashlytics:extractDeepLinksDebug UP-TO-DATE
> Task :react-native-firebase_app-check:processDebugManifest UP-TO-DATE
> Task :react-native-firebase_auth:processDebugManifest UP-TO-DATE
> Task :react-native-firebase_analytics:processDebugManifest UP-TO-DATE
> Task :react-native-firebase_database:extractDeepLinksDebug UP-TO-DATE
> Task :react-native-firebase_crashlytics:processDebugManifest UP-TO-DATE
> Task :react-native-firebase_firestore:extractDeepLinksDebug UP-TO-DATE
> Task :react-native-firebase_functions:extractDeepLinksDebug UP-TO-DATE
> Task :react-native-firebase_firestore:processDebugManifest UP-TO-DATE
> Task :react-native-firebase_functions:processDebugManifest UP-TO-DATE
> Task :react-native-firebase_database:processDebugManifest UP-TO-DATE
> Task :react-native-firebase_messaging:extractDeepLinksDebug UP-TO-DATE
> Task :react-native-firebase_perf:extractDeepLinksDebug UP-TO-DATE
> Task :react-native-firebase_storage:extractDeepLinksDebug UP-TO-DATE
> Task :react-native-firebase_messaging:processDebugManifest UP-TO-DATE
> Task :react-native-firebase_remote-config:extractDeepLinksDebug UP-TO-DATE
> Task :react-native-firebase_perf:processDebugManifest UP-TO-DATE
> Task :react-native-gesture-handler:extractDeepLinksDebug UP-TO-DATE
> Task :react-native-google-mobile-ads:extractDeepLinksDebug UP-TO-DATE
> Task :react-native-firebase_remote-config:processDebugManifest UP-TO-DATE
> Task :react-native-firebase_storage:processDebugManifest UP-TO-DATE
> Task :react-native-google-mobile-ads:processDebugManifest UP-TO-DATE
> Task :react-native-gesture-handler:processDebugManifest UP-TO-DATE
> Task :react-native-screens:extractDeepLinksDebug UP-TO-DATE
> Task :react-native-safe-area-context:extractDeepLinksDebug UP-TO-DATE
> Task :react-native-svg:extractDeepLinksDebug UP-TO-DATE
> Task :react-native-svg:processDebugManifest UP-TO-DATE
> Task :expo:compileDebugLibraryResources UP-TO-DATE
> Task :expo-dev-client:compileDebugLibraryResources UP-TO-DATE
> Task :react-native-safe-area-context:processDebugManifest UP-TO-DATE
> Task :expo-dev-client:parseDebugLocalResources UP-TO-DATE
> Task :expo:parseDebugLocalResources UP-TO-DATE
> Task :expo-dev-launcher:compileDebugLibraryResources UP-TO-DATE
> Task :expo-dev-client:generateDebugRFile UP-TO-DATE
> Task :expo:generateDebugRFile UP-TO-DATE
> Task :react-native-screens:processDebugManifest UP-TO-DATE
> Task :expo-dev-menu:compileDebugLibraryResources UP-TO-DATE
> Task :expo-dev-menu-interface:compileDebugLibraryResources UP-TO-DATE
> Task :expo-dev-launcher:parseDebugLocalResources UP-TO-DATE
> Task :expo-dev-menu:parseDebugLocalResources UP-TO-DATE
> Task :expo-json-utils:compileDebugLibraryResources UP-TO-DATE
> Task :expo-dev-menu-interface:parseDebugLocalResources UP-TO-DATE
> Task :expo-dev-launcher:generateDebugRFile UP-TO-DATE
> Task :expo-dev-menu:generateDebugRFile UP-TO-DATE
> Task :expo-json-utils:parseDebugLocalResources UP-TO-DATE
> Task :expo-log-box:compileDebugLibraryResources UP-TO-DATE
> Task :expo-dev-menu-interface:generateDebugRFile UP-TO-DATE
> Task :expo-manifests:compileDebugLibraryResources UP-TO-DATE
> Task :expo-log-box:parseDebugLocalResources UP-TO-DATE
> Task :expo-modules-core:compileDebugLibraryResources UP-TO-DATE
> Task :expo-json-utils:generateDebugRFile UP-TO-DATE
> Task :expo-modules-core:parseDebugLocalResources UP-TO-DATE
> Task :expo-manifests:parseDebugLocalResources UP-TO-DATE
> Task :expo-updates-interface:compileDebugLibraryResources UP-TO-DATE
> Task :expo-log-box:generateDebugRFile UP-TO-DATE
> Task :expo-updates-interface:parseDebugLocalResources UP-TO-DATE
> Task :react-native-async-storage_async-storage:compileDebugLibraryResources UP-TO-DATE
> Task :expo-updates-interface:generateDebugRFile UP-TO-DATE
> Task :expo-modules-core:generateDebugRFile UP-TO-DATE
> Task :expo-manifests:generateDebugRFile UP-TO-DATE
> Task :react-native-async-storage_async-storage:parseDebugLocalResources UP-TO-DATE
> Task :react-native-firebase_analytics:compileDebugLibraryResources UP-TO-DATE
> Task :react-native-firebase_app-check:compileDebugLibraryResources UP-TO-DATE
> Task :react-native-firebase_analytics:parseDebugLocalResources UP-TO-DATE
> Task :react-native-async-storage_async-storage:generateDebugRFile UP-TO-DATE
> Task :react-native-firebase_app:compileDebugLibraryResources UP-TO-DATE
> Task :react-native-firebase_app-check:parseDebugLocalResources UP-TO-DATE
> Task :react-native-firebase_analytics:generateDebugRFile UP-TO-DATE
> Task :react-native-firebase_auth:compileDebugLibraryResources UP-TO-DATE
> Task :react-native-firebase_app:parseDebugLocalResources UP-TO-DATE
> Task :react-native-firebase_app-check:generateDebugRFile UP-TO-DATE
> Task :react-native-firebase_crashlytics:compileDebugLibraryResources UP-TO-DATE
> Task :react-native-firebase_auth:parseDebugLocalResources UP-TO-DATE
> Task :react-native-firebase_crashlytics:parseDebugLocalResources UP-TO-DATE
> Task :react-native-firebase_app:generateDebugRFile UP-TO-DATE
> Task :react-native-firebase_auth:generateDebugRFile UP-TO-DATE
> Task :react-native-firebase_database:compileDebugLibraryResources UP-TO-DATE
> Task :react-native-firebase_crashlytics:generateDebugRFile UP-TO-DATE
> Task :react-native-firebase_firestore:compileDebugLibraryResources UP-TO-DATE
> Task :react-native-firebase_database:parseDebugLocalResources UP-TO-DATE
> Task :react-native-firebase_functions:compileDebugLibraryResources UP-TO-DATE
> Task :react-native-firebase_firestore:parseDebugLocalResources UP-TO-DATE
> Task :react-native-firebase_database:generateDebugRFile UP-TO-DATE
> Task :react-native-firebase_functions:parseDebugLocalResources UP-TO-DATE
> Task :react-native-firebase_firestore:generateDebugRFile UP-TO-DATE
> Task :react-native-firebase_functions:generateDebugRFile UP-TO-DATE
> Task :react-native-firebase_messaging:compileDebugLibraryResources UP-TO-DATE
> Task :react-native-firebase_remote-config:compileDebugLibraryResources UP-TO-DATE
> Task :react-native-firebase_perf:compileDebugLibraryResources UP-TO-DATE
> Task :react-native-firebase_messaging:parseDebugLocalResources UP-TO-DATE
> Task :react-native-firebase_remote-config:parseDebugLocalResources UP-TO-DATE
> Task :react-native-firebase_perf:parseDebugLocalResources UP-TO-DATE
> Task :react-native-firebase_remote-config:generateDebugRFile UP-TO-DATE
> Task :react-native-firebase_storage:compileDebugLibraryResources UP-TO-DATE
> Task :react-native-firebase_perf:generateDebugRFile UP-TO-DATE
> Task :react-native-firebase_messaging:generateDebugRFile UP-TO-DATE
> Task :react-native-gesture-handler:compileDebugLibraryResources UP-TO-DATE
> Task :react-native-google-mobile-ads:compileDebugLibraryResources UP-TO-DATE
> Task :react-native-firebase_storage:parseDebugLocalResources UP-TO-DATE
> Task :react-native-google-mobile-ads:parseDebugLocalResources UP-TO-DATE
> Task :react-native-gesture-handler:parseDebugLocalResources UP-TO-DATE
> Task :react-native-firebase_storage:generateDebugRFile UP-TO-DATE
> Task :react-native-gesture-handler:generateDebugRFile UP-TO-DATE
> Task :react-native-google-mobile-ads:generateDebugRFile UP-TO-DATE
> Task :react-native-safe-area-context:compileDebugLibraryResources UP-TO-DATE
> Task :react-native-safe-area-context:parseDebugLocalResources UP-TO-DATE
> Task :react-native-screens:compileDebugLibraryResources UP-TO-DATE
> Task :react-native-safe-area-context:generateDebugRFile UP-TO-DATE
> Task :react-native-svg:compileDebugLibraryResources UP-TO-DATE
> Task :react-native-screens:parseDebugLocalResources UP-TO-DATE
> Task :react-native-screens:generateDebugRFile UP-TO-DATE
> Task :expo:checkKotlinGradlePluginConfigurationErrors SKIPPED
> Task :react-native-svg:parseDebugLocalResources UP-TO-DATE
> Task :expo:generateDebugBuildConfig UP-TO-DATE
> Task :expo-modules-core:checkKotlinGradlePluginConfigurationErrors SKIPPED
> Task :react-native-svg:generateDebugRFile UP-TO-DATE
> Task :expo-modules-core:generateDebugBuildConfig UP-TO-DATE
> Task :expo-dev-client:checkKotlinGradlePluginConfigurationErrors SKIPPED
> Task :expo-modules-core:javaPreCompileDebug UP-TO-DATE
> Task :expo-dev-launcher:checkKotlinGradlePluginConfigurationErrors SKIPPED
> Task :expo-dev-client:dataBindingMergeDependencyArtifactsDebug UP-TO-DATE
> Task :expo-dev-client:dataBindingGenBaseClassesDebug UP-TO-DATE
> Task :expo-dev-client:generateDebugBuildConfig UP-TO-DATE
> Task :expo-dev-client:javaPreCompileDebug UP-TO-DATE
> Task :react-native-worklets:assertMinimalReactNativeVersionTask
> Task :expo-dev-menu:checkKotlinGradlePluginConfigurationErrors SKIPPED
> Task :expo-dev-launcher:dataBindingMergeDependencyArtifactsDebug UP-TO-DATE
> Task :react-native-worklets:generateCodegenSchemaFromJavaScript UP-TO-DATE
> Task :expo-dev-menu:generateDebugBuildConfig UP-TO-DATE
> Task :expo-dev-menu-interface:checkKotlinGradlePluginConfigurationErrors SKIPPED
> Task :expo-dev-menu-interface:generateDebugBuildConfig UP-TO-DATE
> Task :expo-dev-menu-interface:javaPreCompileDebug UP-TO-DATE
> Task :react-native-worklets:generateCodegenArtifactsFromSchema UP-TO-DATE
> Task :expo-json-utils:checkKotlinGradlePluginConfigurationErrors SKIPPED
> Task :expo-json-utils:generateDebugBuildConfig UP-TO-DATE
> Task :expo-json-utils:javaPreCompileDebug UP-TO-DATE
> Task :expo-manifests:checkKotlinGradlePluginConfigurationErrors SKIPPED
> Task :expo-manifests:generateDebugBuildConfig UP-TO-DATE
> Task :expo-manifests:javaPreCompileDebug UP-TO-DATE
> Task :expo-dev-menu:javaPreCompileDebug UP-TO-DATE
> Task :expo-updates-interface:checkKotlinGradlePluginConfigurationErrors SKIPPED
> Task :expo-dev-launcher:dataBindingGenBaseClassesDebug UP-TO-DATE
> Task :react-native-worklets:prepareWorkletsHeadersForPrefabs UP-TO-DATE
> Task :react-native-worklets:preBuild
> Task :react-native-worklets:preDebugBuild
> Task :expo-updates-interface:generateDebugBuildConfig UP-TO-DATE
> Task :expo-dev-launcher:generateDebugBuildConfig UP-TO-DATE
> Task :react-native-worklets:writeDebugAarMetadata UP-TO-DATE
> Task :expo-updates-interface:javaPreCompileDebug UP-TO-DATE
> Task :expo-log-box:checkKotlinGradlePluginConfigurationErrors SKIPPED
> Task :react-native-worklets:generateDebugResValues UP-TO-DATE
> Task :expo-dev-launcher:checkApolloVersions UP-TO-DATE
> Task :expo-log-box:generateDebugBuildConfig UP-TO-DATE
> Task :expo-dev-launcher:generateServiceApolloOptions UP-TO-DATE
> Task :react-native-worklets:generateDebugResources UP-TO-DATE
> Task :expo-log-box:javaPreCompileDebug UP-TO-DATE
> Task :expo:javaPreCompileDebug UP-TO-DATE
> Task :react-native-async-storage_async-storage:generateDebugBuildConfig UP-TO-DATE
> Task :react-native-async-storage_async-storage:javaPreCompileDebug UP-TO-DATE
> Task :react-native-worklets:packageDebugResources UP-TO-DATE
> Task :react-native-firebase_analytics:generateDebugBuildConfig UP-TO-DATE
> Task :expo-dev-launcher:generateServiceApolloSources UP-TO-DATE
> Task :react-native-firebase_analytics:javaPreCompileDebug UP-TO-DATE
> Task :react-native-worklets:extractDeepLinksDebug UP-TO-DATE
> Task :react-native-firebase_app:generateDebugBuildConfig UP-TO-DATE
> Task :expo-dev-launcher:javaPreCompileDebug UP-TO-DATE
> Task :react-native-worklets:processDebugManifest UP-TO-DATE
> Task :react-native-firebase_app:javaPreCompileDebug UP-TO-DATE
> Task :react-native-firebase_app-check:generateDebugBuildConfig UP-TO-DATE
> Task :react-native-worklets:compileDebugLibraryResources UP-TO-DATE
> Task :react-native-firebase_app-check:javaPreCompileDebug UP-TO-DATE
> Task :react-native-firebase_auth:generateDebugBuildConfig UP-TO-DATE
> Task :react-native-worklets:parseDebugLocalResources UP-TO-DATE
> Task :react-native-firebase_auth:javaPreCompileDebug UP-TO-DATE
> Task :react-native-worklets:generateDebugRFile UP-TO-DATE
> Task :react-native-worklets:checkKotlinGradlePluginConfigurationErrors SKIPPED
> Task :react-native-worklets:generateDebugBuildConfig UP-TO-DATE
> Task :react-native-firebase_crashlytics:generateDebugBuildConfig UP-TO-DATE
> Task :react-native-reanimated:assertMinimalReactNativeVersionTask
> Task :react-native-firebase_app:compileDebugJavaWithJavac UP-TO-DATE
> Task :react-native-firebase_crashlytics:javaPreCompileDebug UP-TO-DATE
> Task :react-native-firebase_app:bundleLibCompileToJarDebug UP-TO-DATE
> Task :react-native-async-storage_async-storage:compileDebugJavaWithJavac UP-TO-DATE
> Task :react-native-async-storage_async-storage:bundleLibCompileToJarDebug UP-TO-DATE
> Task :react-native-firebase_app-check:compileDebugJavaWithJavac UP-TO-DATE
> Task :react-native-firebase_database:generateDebugBuildConfig UP-TO-DATE
> Task :react-native-firebase_app-check:bundleLibCompileToJarDebug UP-TO-DATE
> Task :react-native-firebase_database:javaPreCompileDebug UP-TO-DATE
> Task :react-native-firebase_firestore:generateDebugBuildConfig UP-TO-DATE
> Task :react-native-firebase_auth:compileDebugJavaWithJavac UP-TO-DATE
> Task :react-native-firebase_analytics:compileDebugJavaWithJavac UP-TO-DATE
> Task :react-native-firebase_auth:bundleLibCompileToJarDebug UP-TO-DATE
> Task :react-native-firebase_analytics:bundleLibCompileToJarDebug UP-TO-DATE
> Task :react-native-firebase_firestore:javaPreCompileDebug UP-TO-DATE
> Task :react-native-firebase_functions:generateDebugBuildConfig UP-TO-DATE
> Task :react-native-firebase_functions:javaPreCompileDebug UP-TO-DATE
> Task :react-native-firebase_messaging:generateDebugBuildConfig UP-TO-DATE
> Task :react-native-firebase_messaging:javaPreCompileDebug UP-TO-DATE
> Task :react-native-firebase_crashlytics:compileDebugJavaWithJavac UP-TO-DATE
> Task :react-native-firebase_crashlytics:bundleLibCompileToJarDebug UP-TO-DATE
> Task :react-native-firebase_database:compileDebugJavaWithJavac UP-TO-DATE
> Task :react-native-firebase_perf:generateDebugBuildConfig UP-TO-DATE
> Task :react-native-firebase_database:bundleLibCompileToJarDebug UP-TO-DATE
> Task :react-native-firebase_perf:javaPreCompileDebug UP-TO-DATE
> Task :react-native-firebase_remote-config:generateDebugBuildConfig UP-TO-DATE
> Task :react-native-firebase_remote-config:javaPreCompileDebug UP-TO-DATE
> Task :react-native-firebase_firestore:compileDebugJavaWithJavac UP-TO-DATE
> Task :react-native-firebase_firestore:bundleLibCompileToJarDebug UP-TO-DATE
> Task :react-native-gesture-handler:checkKotlinGradlePluginConfigurationErrors SKIPPED
> Task :react-native-firebase_storage:generateDebugBuildConfig UP-TO-DATE
> Task :react-native-firebase_storage:javaPreCompileDebug UP-TO-DATE
> Task :react-native-gesture-handler:generateDebugBuildConfig UP-TO-DATE
> Task :react-native-svg:generateDebugBuildConfig UP-TO-DATE
> Task :react-native-firebase_functions:compileDebugJavaWithJavac UP-TO-DATE
> Task :react-native-firebase_remote-config:compileDebugJavaWithJavac UP-TO-DATE
> Task :react-native-firebase_perf:compileDebugJavaWithJavac UP-TO-DATE
> Task :react-native-svg:javaPreCompileDebug UP-TO-DATE
> Task :react-native-firebase_perf:bundleLibCompileToJarDebug UP-TO-DATE
> Task :react-native-firebase_functions:bundleLibCompileToJarDebug UP-TO-DATE
> Task :react-native-firebase_messaging:compileDebugJavaWithJavac UP-TO-DATE
> Task :react-native-firebase_remote-config:bundleLibCompileToJarDebug UP-TO-DATE
> Task :react-native-firebase_messaging:bundleLibCompileToJarDebug UP-TO-DATE
> Task :react-native-safe-area-context:checkKotlinGradlePluginConfigurationErrors SKIPPED
> Task :react-native-google-mobile-ads:checkKotlinGradlePluginConfigurationErrors SKIPPED
> Task :react-native-worklets:compileDebugKotlin UP-TO-DATE
> Task :react-native-worklets:javaPreCompileDebug UP-TO-DATE
> Task :react-native-safe-area-context:generateDebugBuildConfig UP-TO-DATE
> Task :react-native-gesture-handler:javaPreCompileDebug UP-TO-DATE
> Task :react-native-firebase_storage:compileDebugJavaWithJavac UP-TO-DATE
> Task :react-native-screens:checkKotlinGradlePluginConfigurationErrors SKIPPED
> Task :react-native-screens:generateDebugBuildConfig UP-TO-DATE
> Task :react-native-firebase_storage:bundleLibCompileToJarDebug UP-TO-DATE
> Task :expo:mergeDebugShaders UP-TO-DATE
> Task :react-native-google-mobile-ads:generateDebugBuildConfig UP-TO-DATE
> Task :expo:compileDebugShaders NO-SOURCE
> Task :expo:generateDebugAssets UP-TO-DATE
> Task :react-native-worklets:compileDebugJavaWithJavac UP-TO-DATE
> Task :react-native-worklets:bundleLibCompileToJarDebug UP-TO-DATE
> Task :react-native-svg:compileDebugJavaWithJavac UP-TO-DATE
> Task :expo:mergeDebugAssets UP-TO-DATE
> Task :react-native-svg:bundleLibCompileToJarDebug UP-TO-DATE
> Task :expo-dev-launcher:mergeDebugShaders UP-TO-DATE
> Task :expo-dev-client:mergeDebugShaders UP-TO-DATE
> Task :expo-dev-client:compileDebugShaders NO-SOURCE
> Task :expo-dev-client:generateDebugAssets UP-TO-DATE
> Task :expo-dev-launcher:compileDebugShaders NO-SOURCE
> Task :expo-dev-launcher:generateDebugAssets UP-TO-DATE
> Task :expo-dev-client:mergeDebugAssets UP-TO-DATE
> Task :expo-dev-launcher:mergeDebugAssets UP-TO-DATE
> Task :expo-dev-menu:mergeDebugShaders UP-TO-DATE
> Task :expo-dev-menu-interface:mergeDebugShaders UP-TO-DATE
> Task :expo-dev-menu:compileDebugShaders NO-SOURCE
> Task :expo-dev-menu:generateDebugAssets UP-TO-DATE
> Task :expo-dev-menu:mergeDebugAssets UP-TO-DATE
> Task :expo-dev-menu-interface:compileDebugShaders NO-SOURCE
> Task :expo-dev-menu-interface:generateDebugAssets UP-TO-DATE
> Task :expo-json-utils:mergeDebugShaders UP-TO-DATE
> Task :expo-dev-menu-interface:mergeDebugAssets UP-TO-DATE
> Task :expo-json-utils:compileDebugShaders NO-SOURCE
> Task :expo-json-utils:generateDebugAssets UP-TO-DATE
> Task :expo-log-box:mergeDebugShaders UP-TO-DATE
> Task :expo-json-utils:mergeDebugAssets UP-TO-DATE
> Task :expo-log-box:compileDebugShaders NO-SOURCE
> Task :expo-log-box:generateDebugAssets UP-TO-DATE
> Task :expo-manifests:mergeDebugShaders UP-TO-DATE
> Task :expo-manifests:compileDebugShaders NO-SOURCE
> Task :expo-log-box:mergeDebugAssets UP-TO-DATE
> Task :react-native-safe-area-context:compileDebugKotlin UP-TO-DATE
> Task :expo-manifests:generateDebugAssets UP-TO-DATE
> Task :react-native-safe-area-context:javaPreCompileDebug UP-TO-DATE
> Task :expo-updates-interface:mergeDebugShaders UP-TO-DATE
> Task :expo-manifests:mergeDebugAssets UP-TO-DATE
> Task :expo-updates-interface:compileDebugShaders NO-SOURCE
> Task :expo-updates-interface:generateDebugAssets UP-TO-DATE
> Task :react-native-async-storage_async-storage:mergeDebugShaders UP-TO-DATE
> Task :expo-updates-interface:mergeDebugAssets UP-TO-DATE
> Task :react-native-async-storage_async-storage:compileDebugShaders NO-SOURCE
> Task :react-native-async-storage_async-storage:generateDebugAssets UP-TO-DATE
> Task :react-native-firebase_analytics:mergeDebugShaders UP-TO-DATE
> Task :react-native-firebase_analytics:compileDebugShaders NO-SOURCE
> Task :react-native-async-storage_async-storage:mergeDebugAssets UP-TO-DATE
> Task :react-native-firebase_analytics:generateDebugAssets UP-TO-DATE
> Task :react-native-safe-area-context:compileDebugJavaWithJavac UP-TO-DATE
> Task :react-native-firebase_app:mergeDebugShaders UP-TO-DATE
> Task :react-native-safe-area-context:bundleLibCompileToJarDebug UP-TO-DATE
> Task :react-native-firebase_app:compileDebugShaders NO-SOURCE
> Task :react-native-firebase_app:generateDebugAssets UP-TO-DATE
> Task :react-native-firebase_app-check:mergeDebugShaders UP-TO-DATE
> Task :react-native-firebase_app-check:compileDebugShaders NO-SOURCE
> Task :react-native-firebase_auth:mergeDebugShaders UP-TO-DATE
> Task :react-native-firebase_analytics:mergeDebugAssets UP-TO-DATE
> Task :react-native-firebase_app-check:generateDebugAssets UP-TO-DATE
> Task :react-native-firebase_crashlytics:mergeDebugShaders UP-TO-DATE
> Task :react-native-firebase_app:mergeDebugAssets UP-TO-DATE
> Task :react-native-firebase_crashlytics:compileDebugShaders NO-SOURCE
> Task :react-native-firebase_crashlytics:generateDebugAssets UP-TO-DATE
> Task :react-native-firebase_database:mergeDebugShaders UP-TO-DATE
> Task :react-native-firebase_auth:compileDebugShaders NO-SOURCE
> Task :react-native-firebase_database:compileDebugShaders NO-SOURCE
> Task :react-native-firebase_app-check:mergeDebugAssets UP-TO-DATE
> Task :react-native-firebase_firestore:mergeDebugShaders UP-TO-DATE
> Task :react-native-firebase_crashlytics:mergeDebugAssets UP-TO-DATE
> Task :react-native-firebase_auth:generateDebugAssets UP-TO-DATE
> Task :react-native-firebase_database:generateDebugAssets UP-TO-DATE
> Task :react-native-firebase_functions:mergeDebugShaders UP-TO-DATE
> Task :react-native-firebase_firestore:compileDebugShaders NO-SOURCE
> Task :react-native-firebase_messaging:mergeDebugShaders UP-TO-DATE
> Task :react-native-firebase_auth:mergeDebugAssets UP-TO-DATE
> Task :react-native-google-mobile-ads:compileDebugKotlin UP-TO-DATE
> Task :react-native-firebase_functions:compileDebugShaders NO-SOURCE
> Task :react-native-firebase_database:mergeDebugAssets UP-TO-DATE
> Task :react-native-firebase_messaging:compileDebugShaders NO-SOURCE
> Task :react-native-firebase_firestore:generateDebugAssets UP-TO-DATE
> Task :react-native-firebase_messaging:generateDebugAssets UP-TO-DATE
> Task :react-native-firebase_perf:mergeDebugShaders UP-TO-DATE
> Task :react-native-google-mobile-ads:javaPreCompileDebug UP-TO-DATE
> Task :react-native-firebase_functions:generateDebugAssets UP-TO-DATE
> Task :react-native-firebase_perf:compileDebugShaders NO-SOURCE
> Task :react-native-firebase_perf:generateDebugAssets UP-TO-DATE
> Task :react-native-firebase_firestore:mergeDebugAssets UP-TO-DATE
> Task :react-native-firebase_messaging:mergeDebugAssets UP-TO-DATE
> Task :react-native-firebase_functions:mergeDebugAssets UP-TO-DATE
> Task :react-native-firebase_perf:mergeDebugAssets UP-TO-DATE
> Task :react-native-firebase_remote-config:mergeDebugShaders UP-TO-DATE
> Task :react-native-firebase_remote-config:compileDebugShaders NO-SOURCE
> Task :react-native-firebase_remote-config:generateDebugAssets UP-TO-DATE
> Task :react-native-safe-area-context:mergeDebugShaders UP-TO-DATE
> Task :react-native-safe-area-context:compileDebugShaders NO-SOURCE
> Task :react-native-svg:mergeDebugShaders UP-TO-DATE
> Task :react-native-gesture-handler:mergeDebugShaders UP-TO-DATE
> Task :react-native-firebase_remote-config:mergeDebugAssets UP-TO-DATE
> Task :react-native-worklets:mergeDebugShaders UP-TO-DATE
> Task :react-native-worklets:compileDebugShaders NO-SOURCE
> Task :react-native-safe-area-context:generateDebugAssets UP-TO-DATE
> Task :react-native-firebase_storage:mergeDebugShaders UP-TO-DATE
> Task :react-native-safe-area-context:mergeDebugAssets UP-TO-DATE
> Task :react-native-firebase_storage:compileDebugShaders NO-SOURCE
> Task :react-native-firebase_storage:generateDebugAssets UP-TO-DATE
> Task :react-native-gesture-handler:compileDebugShaders NO-SOURCE
> Task :react-native-gesture-handler:generateDebugAssets UP-TO-DATE
> Task :react-native-svg:compileDebugShaders NO-SOURCE
> Task :react-native-safe-area-context:bundleLibRuntimeToJarDebug UP-TO-DATE
> Task :react-native-svg:generateDebugAssets UP-TO-DATE
> Task :react-native-gesture-handler:mergeDebugAssets UP-TO-DATE
> Task :react-native-svg:mergeDebugAssets UP-TO-DATE
> Task :react-native-firebase_storage:mergeDebugAssets UP-TO-DATE
> Task :react-native-worklets:generateDebugAssets UP-TO-DATE
> Task :react-native-async-storage_async-storage:bundleLibRuntimeToJarDebug UP-TO-DATE
> Task :react-native-svg:bundleLibRuntimeToJarDebug UP-TO-DATE
> Task :react-native-firebase_analytics:bundleLibRuntimeToJarDebug UP-TO-DATE
> Task :react-native-firebase_app:bundleLibRuntimeToJarDebug UP-TO-DATE
> Task :react-native-firebase_auth:bundleLibRuntimeToJarDebug UP-TO-DATE
> Task :react-native-firebase_database:bundleLibRuntimeToJarDebug UP-TO-DATE
> Task :react-native-firebase_crashlytics:bundleLibRuntimeToJarDebug UP-TO-DATE
> Task :react-native-firebase_firestore:bundleLibRuntimeToJarDebug UP-TO-DATE
> Task :react-native-firebase_functions:bundleLibRuntimeToJarDebug UP-TO-DATE
> Task :react-native-worklets:mergeDebugAssets UP-TO-DATE
> Task :react-native-firebase_messaging:bundleLibRuntimeToJarDebug UP-TO-DATE
> Task :react-native-worklets:bundleLibRuntimeToJarDebug UP-TO-DATE
> Task :react-native-firebase_perf:bundleLibRuntimeToJarDebug UP-TO-DATE
> Task :react-native-firebase_remote-config:bundleLibRuntimeToJarDebug UP-TO-DATE
> Task :react-native-firebase_storage:bundleLibRuntimeToJarDebug UP-TO-DATE
> Task :react-native-screens:compileDebugKotlin UP-TO-DATE
> Task :react-native-async-storage_async-storage:processDebugJavaRes NO-SOURCE
> Task :react-native-firebase_analytics:processDebugJavaRes NO-SOURCE
> Task :react-native-google-mobile-ads:compileDebugJavaWithJavac UP-TO-DATE
> Task :react-native-screens:javaPreCompileDebug UP-TO-DATE
> Task :react-native-firebase_app:processDebugJavaRes NO-SOURCE
> Task :react-native-firebase_auth:processDebugJavaRes NO-SOURCE
> Task :react-native-firebase_crashlytics:processDebugJavaRes NO-SOURCE
> Task :react-native-firebase_database:processDebugJavaRes NO-SOURCE
> Task :react-native-firebase_firestore:processDebugJavaRes NO-SOURCE
> Task :react-native-firebase_functions:processDebugJavaRes NO-SOURCE
> Task :react-native-firebase_messaging:processDebugJavaRes NO-SOURCE
> Task :react-native-google-mobile-ads:bundleLibCompileToJarDebug UP-TO-DATE
> Task :react-native-firebase_app-check:bundleLibRuntimeToJarDebug UP-TO-DATE
> Task :react-native-firebase_perf:processDebugJavaRes NO-SOURCE
> Task :react-native-google-mobile-ads:mergeDebugShaders UP-TO-DATE
> Task :react-native-firebase_remote-config:processDebugJavaRes NO-SOURCE
> Task :react-native-firebase_storage:processDebugJavaRes NO-SOURCE
> Task :react-native-firebase_app-check:processDebugJavaRes NO-SOURCE
> Task :react-native-svg:processDebugJavaRes NO-SOURCE
> Task :react-native-google-mobile-ads:compileDebugShaders NO-SOURCE
> Task :react-native-google-mobile-ads:generateDebugAssets UP-TO-DATE
> Task :react-native-safe-area-context:processDebugJavaRes UP-TO-DATE
> Task :expo:mergeDebugJniLibFolders UP-TO-DATE
> Task :expo-dev-client:mergeDebugJniLibFolders UP-TO-DATE
> Task :expo:mergeDebugNativeLibs NO-SOURCE
> Task :react-native-worklets:processDebugJavaRes UP-TO-DATE
> Task :react-native-google-mobile-ads:mergeDebugAssets UP-TO-DATE
> Task :expo-dev-menu:mergeDebugJniLibFolders UP-TO-DATE
> Task :expo-dev-client:mergeDebugNativeLibs NO-SOURCE
> Task :expo:copyDebugJniLibsProjectOnly UP-TO-DATE
> Task :expo-dev-launcher:mergeDebugJniLibFolders UP-TO-DATE
> Task :react-native-google-mobile-ads:bundleLibRuntimeToJarDebug UP-TO-DATE
> Task :expo-dev-menu:mergeDebugNativeLibs NO-SOURCE
> Task :expo-dev-client:copyDebugJniLibsProjectOnly UP-TO-DATE
> Task :expo-dev-launcher:mergeDebugNativeLibs NO-SOURCE
> Task :expo-dev-menu:copyDebugJniLibsProjectOnly UP-TO-DATE
> Task :expo-dev-launcher:copyDebugJniLibsProjectOnly UP-TO-DATE
> Task :expo-dev-menu-interface:mergeDebugJniLibFolders UP-TO-DATE
> Task :react-native-google-mobile-ads:processDebugJavaRes UP-TO-DATE
> Task :expo-dev-menu-interface:mergeDebugNativeLibs NO-SOURCE
> Task :expo-json-utils:mergeDebugJniLibFolders UP-TO-DATE
> Task :expo-log-box:mergeDebugJniLibFolders UP-TO-DATE
> Task :expo-dev-menu-interface:copyDebugJniLibsProjectOnly UP-TO-DATE
> Task :expo-manifests:mergeDebugJniLibFolders UP-TO-DATE
> Task :expo-json-utils:mergeDebugNativeLibs NO-SOURCE
> Task :expo-log-box:mergeDebugNativeLibs NO-SOURCE
> Task :expo-json-utils:copyDebugJniLibsProjectOnly UP-TO-DATE
> Task :expo-log-box:copyDebugJniLibsProjectOnly UP-TO-DATE
> Task :expo-updates-interface:mergeDebugJniLibFolders UP-TO-DATE
> Task :react-native-async-storage_async-storage:mergeDebugJniLibFolders UP-TO-DATE
> Task :expo-updates-interface:mergeDebugNativeLibs NO-SOURCE
> Task :expo-manifests:mergeDebugNativeLibs NO-SOURCE
> Task :react-native-async-storage_async-storage:mergeDebugNativeLibs NO-SOURCE
> Task :react-native-firebase_analytics:mergeDebugJniLibFolders UP-TO-DATE
> Task :react-native-firebase_app:mergeDebugJniLibFolders UP-TO-DATE
> Task :expo-manifests:copyDebugJniLibsProjectOnly UP-TO-DATE
> Task :react-native-async-storage_async-storage:copyDebugJniLibsProjectOnly UP-TO-DATE
> Task :react-native-firebase_app:mergeDebugNativeLibs NO-SOURCE
> Task :expo-updates-interface:copyDebugJniLibsProjectOnly UP-TO-DATE
> Task :react-native-firebase_app-check:mergeDebugJniLibFolders UP-TO-DATE
> Task :react-native-firebase_app-check:mergeDebugNativeLibs NO-SOURCE
> Task :react-native-firebase_app-check:copyDebugJniLibsProjectOnly UP-TO-DATE
> Task :react-native-firebase_analytics:mergeDebugNativeLibs NO-SOURCE
> Task :react-native-firebase_auth:mergeDebugJniLibFolders UP-TO-DATE
> Task :react-native-firebase_analytics:copyDebugJniLibsProjectOnly UP-TO-DATE
> Task :react-native-firebase_app:copyDebugJniLibsProjectOnly UP-TO-DATE
> Task :react-native-firebase_auth:mergeDebugNativeLibs NO-SOURCE
> Task :react-native-firebase_auth:copyDebugJniLibsProjectOnly UP-TO-DATE
> Task :react-native-firebase_crashlytics:mergeDebugJniLibFolders UP-TO-DATE
> Task :react-native-firebase_database:mergeDebugJniLibFolders UP-TO-DATE
> Task :react-native-firebase_database:mergeDebugNativeLibs NO-SOURCE
> Task :react-native-firebase_database:copyDebugJniLibsProjectOnly UP-TO-DATE
> Task :react-native-firebase_crashlytics:mergeDebugNativeLibs NO-SOURCE
> Task :react-native-firebase_functions:mergeDebugJniLibFolders UP-TO-DATE
> Task :react-native-firebase_crashlytics:copyDebugJniLibsProjectOnly UP-TO-DATE
> Task :react-native-firebase_functions:mergeDebugNativeLibs NO-SOURCE
> Task :react-native-firebase_messaging:mergeDebugJniLibFolders UP-TO-DATE
> Task :react-native-firebase_functions:copyDebugJniLibsProjectOnly UP-TO-DATE
> Task :react-native-firebase_messaging:mergeDebugNativeLibs NO-SOURCE
> Task :react-native-firebase_messaging:copyDebugJniLibsProjectOnly UP-TO-DATE
> Task :react-native-screens:compileDebugJavaWithJavac UP-TO-DATE
> Task :react-native-firebase_perf:mergeDebugJniLibFolders UP-TO-DATE
> Task :react-native-firebase_perf:mergeDebugNativeLibs NO-SOURCE
> Task :react-native-firebase_remote-config:mergeDebugJniLibFolders UP-TO-DATE
> Task :react-native-firebase_remote-config:mergeDebugNativeLibs NO-SOURCE
> Task :react-native-screens:bundleLibCompileToJarDebug UP-TO-DATE
> Task :react-native-firebase_remote-config:copyDebugJniLibsProjectOnly UP-TO-DATE
> Task :react-native-firebase_storage:mergeDebugJniLibFolders UP-TO-DATE
> Task :react-native-screens:mergeDebugShaders UP-TO-DATE
> Task :react-native-gesture-handler:mergeDebugJniLibFolders UP-TO-DATE
> Task :react-native-firebase_storage:mergeDebugNativeLibs NO-SOURCE
> Task :react-native-screens:compileDebugShaders NO-SOURCE
> Task :react-native-screens:generateDebugAssets UP-TO-DATE
> Task :react-native-safe-area-context:mergeDebugJniLibFolders UP-TO-DATE
> Task :react-native-screens:mergeDebugAssets UP-TO-DATE
> Task :react-native-safe-area-context:mergeDebugNativeLibs NO-SOURCE
> Task :react-native-safe-area-context:copyDebugJniLibsProjectOnly UP-TO-DATE
> Task :react-native-screens:bundleLibRuntimeToJarDebug UP-TO-DATE
> Task :react-native-svg:mergeDebugJniLibFolders UP-TO-DATE
> Task :react-native-svg:mergeDebugNativeLibs NO-SOURCE
> Task :react-native-svg:copyDebugJniLibsProjectOnly UP-TO-DATE
> Task :expo:stripDebugDebugSymbols NO-SOURCE
> Task :react-native-firebase_perf:copyDebugJniLibsProjectOnly UP-TO-DATE
> Task :expo:copyDebugJniLibsProjectAndLocalJars UP-TO-DATE
> Task :expo-dev-client:stripDebugDebugSymbols NO-SOURCE
> Task :react-native-screens:processDebugJavaRes UP-TO-DATE
> Task :expo:extractDeepLinksForAarDebug UP-TO-DATE
> Task :react-native-google-mobile-ads:mergeDebugJniLibFolders UP-TO-DATE
> Task :expo-modules-core:compileDebugKotlin UP-TO-DATE
> Task :react-native-firebase_firestore:mergeDebugJniLibFolders UP-TO-DATE
> Task :react-native-firebase_storage:copyDebugJniLibsProjectOnly UP-TO-DATE
> Task :expo-dev-client:copyDebugJniLibsProjectAndLocalJars UP-TO-DATE
> Task :expo:prepareDebugArtProfile UP-TO-DATE
> Task :expo-dev-launcher:stripDebugDebugSymbols NO-SOURCE
> Task :react-native-firebase_firestore:mergeDebugNativeLibs NO-SOURCE
> Task :expo-dev-launcher:copyDebugJniLibsProjectAndLocalJars UP-TO-DATE
> Task :expo:prepareLintJarForPublish UP-TO-DATE
> Task :expo-dev-client:extractDeepLinksForAarDebug UP-TO-DATE
> Task :react-native-firebase_firestore:copyDebugJniLibsProjectOnly UP-TO-DATE
> Task :expo-dev-launcher:extractDeepLinksForAarDebug UP-TO-DATE
> Task :react-native-google-mobile-ads:mergeDebugNativeLibs NO-SOURCE
> Task :expo-dev-menu:stripDebugDebugSymbols NO-SOURCE
> Task :expo-dev-menu:copyDebugJniLibsProjectAndLocalJars UP-TO-DATE
> Task :react-native-google-mobile-ads:copyDebugJniLibsProjectOnly UP-TO-DATE
> Task :expo-dev-menu:extractDeepLinksForAarDebug UP-TO-DATE
> Task :expo-dev-client:prepareDebugArtProfile UP-TO-DATE
> Task :expo-json-utils:stripDebugDebugSymbols NO-SOURCE
> Task :expo-dev-launcher:prepareDebugArtProfile UP-TO-DATE
> Task :expo-dev-client:prepareLintJarForPublish UP-TO-DATE
> Task :expo-json-utils:copyDebugJniLibsProjectAndLocalJars UP-TO-DATE
> Task :expo-log-box:stripDebugDebugSymbols NO-SOURCE
> Task :expo-dev-launcher:prepareLintJarForPublish UP-TO-DATE
> Task :expo-json-utils:extractDeepLinksForAarDebug UP-TO-DATE
> Task :expo-log-box:copyDebugJniLibsProjectAndLocalJars UP-TO-DATE
> Task :expo-log-box:extractDeepLinksForAarDebug UP-TO-DATE
> Task :expo-dev-menu-interface:stripDebugDebugSymbols NO-SOURCE
> Task :expo-manifests:stripDebugDebugSymbols NO-SOURCE
> Task :expo-dev-menu:prepareDebugArtProfile UP-TO-DATE
> Task :expo-dev-menu-interface:copyDebugJniLibsProjectAndLocalJars UP-TO-DATE
> Task :expo-log-box:prepareDebugArtProfile UP-TO-DATE
> Task :expo-manifests:copyDebugJniLibsProjectAndLocalJars UP-TO-DATE
> Task :expo-dev-menu:prepareLintJarForPublish UP-TO-DATE
> Task :expo-log-box:prepareLintJarForPublish UP-TO-DATE
> Task :expo-manifests:extractDeepLinksForAarDebug UP-TO-DATE
> Task :expo-dev-menu-interface:extractDeepLinksForAarDebug UP-TO-DATE
> Task :expo-manifests:prepareDebugArtProfile UP-TO-DATE
> Task :expo-manifests:prepareLintJarForPublish UP-TO-DATE
> Task :expo-updates-interface:stripDebugDebugSymbols NO-SOURCE
> Task :react-native-async-storage_async-storage:stripDebugDebugSymbols NO-SOURCE
> Task :react-native-firebase_analytics:stripDebugDebugSymbols NO-SOURCE
> Task :react-native-async-storage_async-storage:copyDebugJniLibsProjectAndLocalJars UP-TO-DATE
> Task :expo-dev-menu-interface:prepareDebugArtProfile UP-TO-DATE
> Task :expo-updates-interface:copyDebugJniLibsProjectAndLocalJars UP-TO-DATE
> Task :react-native-firebase_analytics:copyDebugJniLibsProjectAndLocalJars UP-TO-DATE
> Task :expo-modules-core:compileDebugJavaWithJavac UP-TO-DATE
> Task :expo-modules-core:bundleLibCompileToJarDebug UP-TO-DATE
> Task :expo-updates-interface:extractDeepLinksForAarDebug UP-TO-DATE
> Task :expo-dev-menu-interface:prepareLintJarForPublish UP-TO-DATE
> Task :expo-dev-client:compileDebugKotlin NO-SOURCE
> Task :expo-dev-menu-interface:compileDebugKotlin NO-SOURCE
> Task :react-native-async-storage_async-storage:extractDebugAnnotations UP-TO-DATE
> Task :react-native-firebase_analytics:extractDebugAnnotations UP-TO-DATE
> Task :expo-dev-client:compileDebugJavaWithJavac UP-TO-DATE
> Task :expo-modules-core:mergeDebugShaders UP-TO-DATE
> Task :expo-json-utils:prepareDebugArtProfile UP-TO-DATE
> Task :expo-dev-client:bundleLibCompileToJarDebug UP-TO-DATE
> Task :expo-dev-client:bundleLibRuntimeToJarDebug UP-TO-DATE
> Task :expo-modules-core:compileDebugShaders NO-SOURCE
> Task :expo-modules-core:generateDebugAssets UP-TO-DATE
> Task :expo-modules-core:mergeDebugAssets UP-TO-DATE
> Task :expo-dev-client:processDebugJavaRes NO-SOURCE
> Task :expo-modules-core:bundleLibRuntimeToJarDebug UP-TO-DATE
> Task :expo-dev-client:extractDebugAnnotations UP-TO-DATE
> Task :expo-updates-interface:compileDebugKotlin UP-TO-DATE
> Task :expo-dev-client:mergeDebugGeneratedProguardFiles UP-TO-DATE
> Task :expo-modules-core:processDebugJavaRes UP-TO-DATE
> Task :expo-dev-client:mergeDebugConsumerProguardFiles UP-TO-DATE
> Task :expo-json-utils:compileDebugKotlin UP-TO-DATE
> Task :expo-updates-interface:compileDebugJavaWithJavac UP-TO-DATE
> Task :expo-modules-core:mergeDebugJniLibFolders UP-TO-DATE
> Task :expo-dev-client:mergeDebugJavaResource UP-TO-DATE
> Task :expo-updates-interface:bundleLibCompileToJarDebug UP-TO-DATE
> Task :expo-dev-client:syncDebugLibJars UP-TO-DATE
> Task :expo-updates-interface:bundleLibRuntimeToJarDebug UP-TO-DATE
> Task :expo-json-utils:compileDebugJavaWithJavac UP-TO-DATE
> Task :react-native-screens:configureCMakeDebug[x86_64]
> Task :expo-json-utils:bundleLibCompileToJarDebug UP-TO-DATE
> Task :expo-dev-menu-interface:compileDebugJavaWithJavac UP-TO-DATE
> Task :expo-updates-interface:processDebugJavaRes UP-TO-DATE
> Task :expo-dev-client:bundleDebugAar UP-TO-DATE
> Task :expo-dev-client:assembleDebug UP-TO-DATE
> Task :expo-json-utils:bundleLibRuntimeToJarDebug UP-TO-DATE
> Task :expo-modules-core:extractDebugAnnotations UP-TO-DATE
> Task :expo-updates-interface:extractDebugAnnotations UP-TO-DATE
> Task :expo-dev-menu-interface:bundleLibCompileToJarDebug UP-TO-DATE
> Task :expo-modules-core:extractDeepLinksForAarDebug UP-TO-DATE
> Task :expo-json-utils:processDebugJavaRes UP-TO-DATE
> Task :expo-updates-interface:mergeDebugGeneratedProguardFiles UP-TO-DATE
> Task :expo-dev-menu-interface:bundleLibRuntimeToJarDebug UP-TO-DATE
> Task :expo-updates-interface:mergeDebugConsumerProguardFiles UP-TO-DATE
> Task :expo-modules-core:mergeDebugGeneratedProguardFiles UP-TO-DATE
> Task :expo-json-utils:extractDebugAnnotations UP-TO-DATE
> Task :expo-dev-menu-interface:processDebugJavaRes NO-SOURCE
> Task :expo-modules-core:mergeDebugConsumerProguardFiles UP-TO-DATE
> Task :expo-json-utils:mergeDebugGeneratedProguardFiles UP-TO-DATE
> Task :expo-modules-core:prepareDebugArtProfile UP-TO-DATE
> Task :expo-json-utils:mergeDebugConsumerProguardFiles UP-TO-DATE
> Task :expo-modules-core:prepareLintJarForPublish UP-TO-DATE
> Task :expo-json-utils:prepareLintJarForPublish UP-TO-DATE
> Task :expo-json-utils:mergeDebugJavaResource UP-TO-DATE
> Task :expo-dev-menu-interface:extractDebugAnnotations UP-TO-DATE
> Task :expo-modules-core:mergeDebugJavaResource UP-TO-DATE
> Task :expo-dev-menu-interface:mergeDebugGeneratedProguardFiles UP-TO-DATE
> Task :expo-updates-interface:prepareDebugArtProfile UP-TO-DATE
> Task :expo-log-box:compileDebugKotlin UP-TO-DATE
> Task :expo-json-utils:syncDebugLibJars UP-TO-DATE
> Task :expo-dev-menu-interface:mergeDebugConsumerProguardFiles UP-TO-DATE
> Task :expo-modules-core:syncDebugLibJars UP-TO-DATE
> Task :expo-updates-interface:prepareLintJarForPublish UP-TO-DATE
> Task :expo-json-utils:bundleDebugAar UP-TO-DATE
> Task :expo-updates-interface:mergeDebugJavaResource UP-TO-DATE
> Task :expo-dev-menu-interface:mergeDebugJavaResource UP-TO-DATE
> Task :react-native-async-storage_async-storage:extractDeepLinksForAarDebug UP-TO-DATE
> Task :expo-json-utils:assembleDebug UP-TO-DATE
> Task :expo-updates-interface:syncDebugLibJars UP-TO-DATE
> Task :expo-dev-menu-interface:syncDebugLibJars UP-TO-DATE
> Task :react-native-firebase_analytics:extractDeepLinksForAarDebug UP-TO-DATE
> Task :react-native-async-storage_async-storage:mergeDebugGeneratedProguardFiles UP-TO-DATE
> Task :react-native-firebase_analytics:mergeDebugGeneratedProguardFiles UP-TO-DATE
> Task :expo-dev-menu-interface:bundleDebugAar UP-TO-DATE
> Task :react-native-async-storage_async-storage:mergeDebugConsumerProguardFiles UP-TO-DATE
> Task :expo-updates-interface:bundleDebugAar UP-TO-DATE
> Task :expo-dev-menu-interface:assembleDebug UP-TO-DATE
> Task :react-native-firebase_analytics:mergeDebugConsumerProguardFiles UP-TO-DATE
> Task :expo-log-box:compileDebugJavaWithJavac UP-TO-DATE
> Task :expo-updates-interface:assembleDebug UP-TO-DATE
> Task :react-native-firebase_app:stripDebugDebugSymbols NO-SOURCE
> Task :react-native-firebase_app-check:stripDebugDebugSymbols NO-SOURCE
> Task :react-native-async-storage_async-storage:prepareDebugArtProfile UP-TO-DATE
> Task :react-native-firebase_analytics:prepareDebugArtProfile UP-TO-DATE
> Task :expo-log-box:bundleLibCompileToJarDebug UP-TO-DATE
> Task :react-native-firebase_app:copyDebugJniLibsProjectAndLocalJars UP-TO-DATE
> Task :react-native-async-storage_async-storage:prepareLintJarForPublish UP-TO-DATE
> Task :react-native-firebase_analytics:prepareLintJarForPublish UP-TO-DATE
> Task :expo-log-box:bundleLibRuntimeToJarDebug UP-TO-DATE
> Task :react-native-firebase_analytics:mergeDebugJavaResource UP-TO-DATE
> Task :expo-log-box:processDebugJavaRes UP-TO-DATE
> Task :react-native-firebase_app:extractDebugAnnotations UP-TO-DATE
> Task :react-native-firebase_app-check:copyDebugJniLibsProjectAndLocalJars UP-TO-DATE
> Task :react-native-firebase_app:extractDeepLinksForAarDebug UP-TO-DATE
> Task :react-native-async-storage_async-storage:mergeDebugJavaResource UP-TO-DATE
> Task :react-native-firebase_app:mergeDebugGeneratedProguardFiles UP-TO-DATE
> Task :react-native-firebase_app:mergeDebugConsumerProguardFiles UP-TO-DATE
> Task :react-native-async-storage_async-storage:syncDebugLibJars UP-TO-DATE
> Task :react-native-firebase_analytics:syncDebugLibJars UP-TO-DATE
> Task :react-native-firebase_app:prepareDebugArtProfile UP-TO-DATE
> Task :react-native-async-storage_async-storage:bundleDebugAar UP-TO-DATE
> Task :react-native-firebase_analytics:bundleDebugAar UP-TO-DATE
> Task :react-native-async-storage_async-storage:assembleDebug UP-TO-DATE
> Task :react-native-firebase_analytics:assembleDebug UP-TO-DATE
> Task :react-native-firebase_app:prepareLintJarForPublish UP-TO-DATE
> Task :react-native-firebase_auth:stripDebugDebugSymbols NO-SOURCE
> Task :react-native-firebase_crashlytics:stripDebugDebugSymbols NO-SOURCE
> Task :react-native-firebase_app-check:extractDebugAnnotations UP-TO-DATE
> Task :react-native-firebase_auth:copyDebugJniLibsProjectAndLocalJars UP-TO-DATE
> Task :react-native-firebase_app:mergeDebugJavaResource UP-TO-DATE
> Task :react-native-firebase_crashlytics:copyDebugJniLibsProjectAndLocalJars UP-TO-DATE
> Task :react-native-firebase_app-check:extractDeepLinksForAarDebug UP-TO-DATE
> Task :react-native-firebase_app-check:mergeDebugGeneratedProguardFiles UP-TO-DATE
> Task :react-native-firebase_app:syncDebugLibJars UP-TO-DATE
> Task :expo-log-box:extractDebugAnnotations UP-TO-DATE
> Task :expo-manifests:compileDebugKotlin UP-TO-DATE
> Task :react-native-firebase_app-check:mergeDebugConsumerProguardFiles UP-TO-DATE
> Task :react-native-firebase_app:bundleDebugAar UP-TO-DATE
> Task :expo-log-box:mergeDebugGeneratedProguardFiles UP-TO-DATE
> Task :react-native-firebase_app:assembleDebug UP-TO-DATE
> Task :react-native-firebase_database:stripDebugDebugSymbols NO-SOURCE
> Task :expo-log-box:mergeDebugConsumerProguardFiles UP-TO-DATE
> Task :react-native-firebase_crashlytics:extractDebugAnnotations UP-TO-DATE
> Task :react-native-firebase_app-check:prepareDebugArtProfile UP-TO-DATE
> Task :react-native-firebase_auth:extractDebugAnnotations UP-TO-DATE
> Task :react-native-firebase_database:copyDebugJniLibsProjectAndLocalJars UP-TO-DATE
> Task :expo-log-box:mergeDebugJavaResource UP-TO-DATE
> Task :react-native-firebase_crashlytics:extractDeepLinksForAarDebug UP-TO-DATE
> Task :react-native-firebase_app-check:prepareLintJarForPublish UP-TO-DATE
> Task :react-native-firebase_auth:extractDeepLinksForAarDebug UP-TO-DATE
> Task :expo-log-box:syncDebugLibJars UP-TO-DATE
> Task :react-native-firebase_auth:mergeDebugGeneratedProguardFiles UP-TO-DATE
> Task :react-native-firebase_crashlytics:mergeDebugGeneratedProguardFiles UP-TO-DATE
> Task :react-native-firebase_app-check:mergeDebugJavaResource UP-TO-DATE
> Task :react-native-firebase_auth:mergeDebugConsumerProguardFiles UP-TO-DATE
> Task :expo-log-box:bundleDebugAar UP-TO-DATE
> Task :react-native-firebase_app-check:syncDebugLibJars UP-TO-DATE
> Task :expo-log-box:assembleDebug UP-TO-DATE
> Task :react-native-firebase_auth:prepareDebugArtProfile UP-TO-DATE
> Task :expo-manifests:compileDebugJavaWithJavac UP-TO-DATE
> Task :react-native-firebase_firestore:stripDebugDebugSymbols NO-SOURCE
> Task :react-native-firebase_auth:prepareLintJarForPublish UP-TO-DATE
> Task :react-native-firebase_app-check:bundleDebugAar UP-TO-DATE
> Task :react-native-firebase_app-check:assembleDebug UP-TO-DATE
> Task :react-native-firebase_database:extractDebugAnnotations UP-TO-DATE
> Task :react-native-firebase_crashlytics:mergeDebugConsumerProguardFiles UP-TO-DATE
> Task :react-native-firebase_database:extractDeepLinksForAarDebug UP-TO-DATE
> Task :expo-manifests:bundleLibCompileToJarDebug UP-TO-DATE
> Task :react-native-firebase_firestore:copyDebugJniLibsProjectAndLocalJars UP-TO-DATE
> Task :expo-manifests:bundleLibRuntimeToJarDebug UP-TO-DATE
> Task :react-native-firebase_database:mergeDebugGeneratedProguardFiles UP-TO-DATE
> Task :react-native-firebase_auth:mergeDebugJavaResource UP-TO-DATE
> Task :react-native-firebase_auth:syncDebugLibJars UP-TO-DATE
> Task :react-native-firebase_database:mergeDebugConsumerProguardFiles UP-TO-DATE
> Task :react-native-firebase_crashlytics:prepareDebugArtProfile UP-TO-DATE
> Task :expo-manifests:processDebugJavaRes UP-TO-DATE
> Task :react-native-firebase_database:prepareDebugArtProfile UP-TO-DATE
> Task :react-native-firebase_auth:bundleDebugAar UP-TO-DATE
> Task :react-native-firebase_crashlytics:prepareLintJarForPublish UP-TO-DATE
> Task :react-native-firebase_auth:assembleDebug UP-TO-DATE
> Task :react-native-firebase_firestore:extractDebugAnnotations UP-TO-DATE
> Task :react-native-firebase_functions:stripDebugDebugSymbols NO-SOURCE
> Task :react-native-firebase_database:prepareLintJarForPublish UP-TO-DATE
> Task :react-native-firebase_crashlytics:mergeDebugJavaResource UP-TO-DATE
> Task :react-native-firebase_functions:copyDebugJniLibsProjectAndLocalJars UP-TO-DATE
> Task :react-native-firebase_firestore:extractDeepLinksForAarDebug UP-TO-DATE
> Task :react-native-firebase_firestore:mergeDebugGeneratedProguardFiles UP-TO-DATE
> Task :react-native-firebase_database:mergeDebugJavaResource UP-TO-DATE
> Task :expo-manifests:extractDebugAnnotations UP-TO-DATE
> Task :react-native-firebase_crashlytics:syncDebugLibJars UP-TO-DATE
> Task :react-native-firebase_firestore:mergeDebugConsumerProguardFiles UP-TO-DATE
> Task :expo-manifests:mergeDebugGeneratedProguardFiles UP-TO-DATE
> Task :react-native-firebase_database:syncDebugLibJars UP-TO-DATE
> Task :react-native-firebase_firestore:prepareDebugArtProfile UP-TO-DATE
> Task :react-native-firebase_crashlytics:bundleDebugAar UP-TO-DATE
> Task :expo-manifests:mergeDebugConsumerProguardFiles UP-TO-DATE
> Task :react-native-firebase_firestore:prepareLintJarForPublish UP-TO-DATE
> Task :react-native-firebase_database:bundleDebugAar UP-TO-DATE
> Task :react-native-firebase_functions:extractDebugAnnotations UP-TO-DATE
> Task :react-native-firebase_crashlytics:assembleDebug UP-TO-DATE
> Task :expo-manifests:mergeDebugJavaResource UP-TO-DATE
> Task :react-native-firebase_database:assembleDebug UP-TO-DATE
> Task :react-native-firebase_firestore:mergeDebugJavaResource UP-TO-DATE
> Task :react-native-firebase_functions:extractDeepLinksForAarDebug UP-TO-DATE
> Task :react-native-firebase_firestore:syncDebugLibJars UP-TO-DATE
> Task :expo-manifests:syncDebugLibJars UP-TO-DATE
> Task :react-native-firebase_perf:stripDebugDebugSymbols NO-SOURCE
> Task :react-native-firebase_functions:mergeDebugGeneratedProguardFiles UP-TO-DATE
> Task :react-native-firebase_messaging:stripDebugDebugSymbols NO-SOURCE
> Task :react-native-firebase_firestore:bundleDebugAar UP-TO-DATE
> Task :react-native-firebase_firestore:assembleDebug UP-TO-DATE
> Task :react-native-firebase_functions:mergeDebugConsumerProguardFiles UP-TO-DATE
> Task :react-native-firebase_messaging:copyDebugJniLibsProjectAndLocalJars UP-TO-DATE
> Task :react-native-firebase_perf:copyDebugJniLibsProjectAndLocalJars UP-TO-DATE
> Task :expo-manifests:bundleDebugAar UP-TO-DATE
> Task :react-native-firebase_remote-config:stripDebugDebugSymbols NO-SOURCE
> Task :expo-manifests:assembleDebug UP-TO-DATE
> Task :react-native-firebase_functions:prepareDebugArtProfile UP-TO-DATE
> Task :react-native-firebase_remote-config:copyDebugJniLibsProjectAndLocalJars UP-TO-DATE
> Task :react-native-firebase_storage:stripDebugDebugSymbols NO-SOURCE
> Task :react-native-firebase_functions:prepareLintJarForPublish UP-TO-DATE
> Task :react-native-firebase_storage:copyDebugJniLibsProjectAndLocalJars UP-TO-DATE
> Task :react-native-firebase_functions:mergeDebugJavaResource UP-TO-DATE
> Task :react-native-firebase_remote-config:extractDebugAnnotations UP-TO-DATE
> Task :react-native-firebase_messaging:extractDebugAnnotations UP-TO-DATE
> Task :react-native-firebase_perf:extractDebugAnnotations UP-TO-DATE
> Task :react-native-firebase_functions:syncDebugLibJars UP-TO-DATE
> Task :react-native-firebase_messaging:extractDeepLinksForAarDebug UP-TO-DATE
> Task :react-native-firebase_perf:extractDeepLinksForAarDebug UP-TO-DATE
> Task :react-native-firebase_remote-config:extractDeepLinksForAarDebug UP-TO-DATE
> Task :react-native-firebase_messaging:mergeDebugGeneratedProguardFiles UP-TO-DATE
> Task :react-native-firebase_remote-config:mergeDebugGeneratedProguardFiles UP-TO-DATE
> Task :react-native-firebase_messaging:mergeDebugConsumerProguardFiles UP-TO-DATE
> Task :react-native-firebase_remote-config:mergeDebugConsumerProguardFiles UP-TO-DATE
> Task :react-native-firebase_messaging:prepareDebugArtProfile UP-TO-DATE
> Task :react-native-firebase_messaging:prepareLintJarForPublish UP-TO-DATE
> Task :react-native-firebase_storage:extractDebugAnnotations UP-TO-DATE
> Task :react-native-firebase_messaging:mergeDebugJavaResource UP-TO-DATE
> Task :react-native-firebase_perf:mergeDebugGeneratedProguardFiles UP-TO-DATE
> Task :react-native-firebase_messaging:syncDebugLibJars UP-TO-DATE
> Task :react-native-firebase_functions:bundleDebugAar UP-TO-DATE
> Task :react-native-firebase_functions:assembleDebug UP-TO-DATE
> Task :react-native-firebase_perf:mergeDebugConsumerProguardFiles UP-TO-DATE
> Task :react-native-gesture-handler:extractDeepLinksForAarDebug UP-TO-DATE
> Task :react-native-firebase_messaging:bundleDebugAar UP-TO-DATE
> Task :react-native-firebase_messaging:assembleDebug UP-TO-DATE
> Task :react-native-gesture-handler:prepareDebugArtProfile UP-TO-DATE
> Task :react-native-google-mobile-ads:stripDebugDebugSymbols NO-SOURCE
> Task :react-native-gesture-handler:prepareLintJarForPublish UP-TO-DATE
> Task :react-native-google-mobile-ads:copyDebugJniLibsProjectAndLocalJars UP-TO-DATE
> Task :react-native-safe-area-context:stripDebugDebugSymbols NO-SOURCE
> Task :react-native-safe-area-context:copyDebugJniLibsProjectAndLocalJars UP-TO-DATE
> Task :react-native-google-mobile-ads:extractDebugAnnotations UP-TO-DATE
> Task :react-native-firebase_remote-config:prepareDebugArtProfile UP-TO-DATE
> Task :react-native-firebase_perf:prepareDebugArtProfile UP-TO-DATE
> Task :react-native-safe-area-context:extractDebugAnnotations UP-TO-DATE
> Task :react-native-firebase_storage:extractDeepLinksForAarDebug UP-TO-DATE
> Task :react-native-google-mobile-ads:extractDeepLinksForAarDebug UP-TO-DATE
> Task :react-native-firebase_perf:prepareLintJarForPublish UP-TO-DATE
> Task :react-native-firebase_remote-config:prepareLintJarForPublish UP-TO-DATE
> Task :react-native-safe-area-context:extractDeepLinksForAarDebug UP-TO-DATE
> Task :react-native-firebase_storage:mergeDebugGeneratedProguardFiles UP-TO-DATE
> Task :react-native-google-mobile-ads:mergeDebugGeneratedProguardFiles UP-TO-DATE
> Task :react-native-firebase_storage:mergeDebugConsumerProguardFiles UP-TO-DATE
> Task :react-native-safe-area-context:mergeDebugGeneratedProguardFiles UP-TO-DATE
> Task :react-native-firebase_remote-config:mergeDebugJavaResource UP-TO-DATE
> Task :react-native-google-mobile-ads:mergeDebugConsumerProguardFiles UP-TO-DATE
> Task :react-native-safe-area-context:mergeDebugConsumerProguardFiles UP-TO-DATE
> Task :react-native-firebase_storage:prepareDebugArtProfile UP-TO-DATE
> Task :react-native-firebase_perf:mergeDebugJavaResource UP-TO-DATE
> Task :react-native-firebase_remote-config:syncDebugLibJars UP-TO-DATE
> Task :react-native-firebase_storage:prepareLintJarForPublish UP-TO-DATE
> Task :react-native-safe-area-context:prepareDebugArtProfile UP-TO-DATE
> Task :react-native-firebase_perf:syncDebugLibJars UP-TO-DATE
> Task :react-native-safe-area-context:prepareLintJarForPublish UP-TO-DATE
> Task :react-native-google-mobile-ads:prepareDebugArtProfile UP-TO-DATE
> Task :react-native-firebase_remote-config:bundleDebugAar UP-TO-DATE
> Task :react-native-firebase_storage:mergeDebugJavaResource UP-TO-DATE
> Task :react-native-firebase_remote-config:assembleDebug UP-TO-DATE
> Task :react-native-safe-area-context:mergeDebugJavaResource UP-TO-DATE
> Task :react-native-google-mobile-ads:prepareLintJarForPublish UP-TO-DATE
> Task :react-native-firebase_perf:bundleDebugAar UP-TO-DATE
> Task :react-native-firebase_perf:assembleDebug UP-TO-DATE
> Task :react-native-svg:stripDebugDebugSymbols NO-SOURCE
> Task :react-native-firebase_storage:syncDebugLibJars UP-TO-DATE
> Task :react-native-google-mobile-ads:mergeDebugJavaResource UP-TO-DATE
> Task :react-native-safe-area-context:syncDebugLibJars UP-TO-DATE
> Task :react-native-svg:copyDebugJniLibsProjectAndLocalJars UP-TO-DATE
> Task :react-native-google-mobile-ads:syncDebugLibJars UP-TO-DATE
> Task :react-native-firebase_storage:bundleDebugAar UP-TO-DATE
> Task :react-native-safe-area-context:bundleDebugAar UP-TO-DATE
> Task :react-native-google-mobile-ads:bundleDebugAar UP-TO-DATE
> Task :react-native-google-mobile-ads:assembleDebug UP-TO-DATE
> Task :react-native-safe-area-context:assembleDebug UP-TO-DATE
> Task :react-native-firebase_storage:assembleDebug UP-TO-DATE
> Task :react-native-svg:extractDebugAnnotations UP-TO-DATE
> Task :react-native-svg:extractDeepLinksForAarDebug UP-TO-DATE
> Task :react-native-svg:mergeDebugGeneratedProguardFiles UP-TO-DATE
> Task :react-native-svg:mergeDebugConsumerProguardFiles UP-TO-DATE
> Task :react-native-svg:prepareDebugArtProfile UP-TO-DATE
> Task :react-native-svg:prepareLintJarForPublish UP-TO-DATE
> Task :react-native-svg:mergeDebugJavaResource UP-TO-DATE
> Task :react-native-svg:syncDebugLibJars UP-TO-DATE
> Task :react-native-svg:bundleDebugAar UP-TO-DATE
> Task :react-native-svg:assembleDebug UP-TO-DATE
> Task :expo-dev-menu:compileDebugKotlin UP-TO-DATE
> Task :expo-dev-menu:compileDebugJavaWithJavac UP-TO-DATE
> Task :expo-dev-menu:bundleLibCompileToJarDebug UP-TO-DATE
> Task :expo-dev-menu:bundleLibRuntimeToJarDebug UP-TO-DATE
> Task :expo-dev-menu:processDebugJavaRes UP-TO-DATE
> Task :expo-dev-menu:extractDebugAnnotations UP-TO-DATE
> Task :expo-dev-menu:mergeDebugGeneratedProguardFiles UP-TO-DATE
> Task :expo-dev-menu:mergeDebugConsumerProguardFiles UP-TO-DATE
> Task :expo-dev-menu:mergeDebugJavaResource UP-TO-DATE
> Task :expo-dev-menu:syncDebugLibJars UP-TO-DATE
> Task :expo-dev-menu:bundleDebugAar UP-TO-DATE
> Task :expo-dev-menu:assembleDebug UP-TO-DATE
> Task :expo-dev-launcher:compileDebugKotlin UP-TO-DATE
> Task :react-native-reanimated:assertWorkletsVersionTask
> Task :react-native-reanimated:generateCodegenSchemaFromJavaScript UP-TO-DATE
> Task :react-native-reanimated:generateCodegenArtifactsFromSchema UP-TO-DATE
> Task :expo-dev-launcher:compileDebugJavaWithJavac UP-TO-DATE
> Task :expo-dev-launcher:bundleLibCompileToJarDebug UP-TO-DATE
> Task :expo-dev-launcher:bundleLibRuntimeToJarDebug UP-TO-DATE
> Task :expo-dev-launcher:processDebugJavaRes UP-TO-DATE
> Task :react-native-reanimated:prepareReanimatedHeadersForPrefabs UP-TO-DATE
> Task :react-native-reanimated:preBuild
> Task :react-native-reanimated:preDebugBuild
> Task :react-native-reanimated:writeDebugAarMetadata UP-TO-DATE
> Task :expo-dev-launcher:extractDebugAnnotations UP-TO-DATE
> Task :react-native-reanimated:generateDebugResValues UP-TO-DATE
> Task :react-native-reanimated:generateDebugResources UP-TO-DATE
> Task :expo-dev-launcher:mergeDebugGeneratedProguardFiles UP-TO-DATE
> Task :expo-dev-launcher:mergeDebugConsumerProguardFiles UP-TO-DATE
> Task :expo-dev-launcher:mergeDebugJavaResource UP-TO-DATE
> Task :react-native-reanimated:packageDebugResources UP-TO-DATE
> Task :expo-dev-launcher:syncDebugLibJars UP-TO-DATE
> Task :react-native-reanimated:extractDeepLinksDebug UP-TO-DATE
> Task :react-native-reanimated:processDebugManifest UP-TO-DATE
> Task :react-native-reanimated:compileDebugLibraryResources UP-TO-DATE
> Task :expo-dev-launcher:bundleDebugAar UP-TO-DATE
> Task :react-native-reanimated:parseDebugLocalResources UP-TO-DATE
> Task :expo-dev-launcher:assembleDebug UP-TO-DATE
> Task :react-native-reanimated:generateDebugRFile UP-TO-DATE
> Task :react-native-reanimated:checkKotlinGradlePluginConfigurationErrors SKIPPED
> Task :react-native-reanimated:generateDebugBuildConfig UP-TO-DATE
> Task :react-native-reanimated:compileDebugKotlin UP-TO-DATE
> Task :react-native-reanimated:javaPreCompileDebug UP-TO-DATE
> Task :react-native-reanimated:compileDebugJavaWithJavac UP-TO-DATE
> Task :react-native-reanimated:bundleLibCompileToJarDebug UP-TO-DATE
> Task :react-native-reanimated:mergeDebugShaders UP-TO-DATE
> Task :react-native-reanimated:compileDebugShaders NO-SOURCE
> Task :react-native-reanimated:generateDebugAssets UP-TO-DATE
> Task :react-native-reanimated:mergeDebugAssets UP-TO-DATE
> Task :react-native-reanimated:bundleLibRuntimeToJarDebug UP-TO-DATE
> Task :react-native-reanimated:processDebugJavaRes UP-TO-DATE
> Task :react-native-reanimated:mergeDebugJniLibFolders UP-TO-DATE
> Task :react-native-reanimated:extractDebugAnnotations UP-TO-DATE
> Task :react-native-reanimated:extractDeepLinksForAarDebug UP-TO-DATE
> Task :app:generateAutolinkingNewArchitectureFiles UP-TO-DATE
> Task :app:generateAutolinkingPackageList UP-TO-DATE

> Task :expo-constants:createExpoConfig

> Task :expo-constants:preBuild
> Task :app:generateCodegenSchemaFromJavaScript SKIPPED
gradlew.bat : The NODE_ENV environment variable is required but was not specified. Ensure the project is bundled with 
Expo CLI or NODE_ENV is set. Using only .env.local and .env
No linha:1 caractere:405
+ ... OME = $sdk; & .\android\gradlew.bat -p android assembleDebug -PreactN ...
+                 ~~~~~~~~~~~~~~~~~~~~~~~~~~~~~~~~~~~~~~~~~~~~~~~~~~~~~~~~~
    + CategoryInfo          : NotSpecified: (The NODE_ENV en....local and .env:String) [], RemoteException
    + FullyQualifiedErrorId : NativeCommandError
 
> Task :react-native-reanimated:mergeDebugGeneratedProguardFiles UP-TO-DATE
> Task :expo-constants:preDebugBuild
> Task :app:generateCodegenArtifactsFromSchema SKIPPED
> Task :react-native-reanimated:mergeDebugConsumerProguardFiles UP-TO-DATE
> Task :expo-constants:writeDebugAarMetadata UP-TO-DATE
> Task :app:generateReactNativeEntryPoint UP-TO-DATE
> Task :expo-constants:generateDebugResValues UP-TO-DATE
> Task :react-native-reanimated:prepareDebugArtProfile UP-TO-DATE
> Task :app:preBuild
> Task :app:preDebugBuild
> Task :react-native-reanimated:prepareLintJarForPublish UP-TO-DATE
> Task :app:mergeDebugNativeDebugMetadata NO-SOURCE
> Task :expo-constants:generateDebugResources UP-TO-DATE
> Task :app:checkKotlinGradlePluginConfigurationErrors SKIPPED
> Task :react-native-reanimated:mergeDebugJavaResource UP-TO-DATE
> Task :app:generateDebugBuildConfig UP-TO-DATE
> Task :react-native-reanimated:syncDebugLibJars UP-TO-DATE
> Task :expo-constants:packageDebugResources UP-TO-DATE
> Task :expo-constants:extractDeepLinksDebug UP-TO-DATE
> Task :expo-constants:processDebugManifest UP-TO-DATE
> Task :expo-constants:compileDebugLibraryResources UP-TO-DATE
> Task :expo-constants:parseDebugLocalResources UP-TO-DATE
> Task :expo-constants:generateDebugRFile UP-TO-DATE
> Task :expo-constants:checkKotlinGradlePluginConfigurationErrors SKIPPED
> Task :expo-constants:generateDebugBuildConfig UP-TO-DATE
> Task :app:checkDebugAarMetadata UP-TO-DATE
> Task :app:generateDebugResValues UP-TO-DATE
> Task :app:injectCrashlyticsMappingFileIdDebug UP-TO-DATE
> Task :app:injectCrashlyticsVersionControlInfoDebug UP-TO-DATE
> Task :app:processDebugGoogleServices UP-TO-DATE
> Task :expo-constants:compileDebugKotlin UP-TO-DATE
> Task :react-native-gesture-handler:compileDebugKotlin UP-TO-DATE
> Task :expo-constants:javaPreCompileDebug UP-TO-DATE
> Task :app:mapDebugSourceSetPaths UP-TO-DATE
> Task :expo-constants:compileDebugJavaWithJavac UP-TO-DATE
> Task :expo-constants:bundleLibCompileToJarDebug UP-TO-DATE
> Task :app:generateDebugResources UP-TO-DATE
> Task :expo-constants:mergeDebugShaders UP-TO-DATE
> Task :expo-constants:compileDebugShaders NO-SOURCE
> Task :react-native-gesture-handler:compileDebugJavaWithJavac UP-TO-DATE
> Task :expo-constants:generateDebugAssets UP-TO-DATE
> Task :react-native-gesture-handler:bundleLibCompileToJarDebug UP-TO-DATE
> Task :react-native-gesture-handler:bundleLibRuntimeToJarDebug UP-TO-DATE
> Task :expo-constants:mergeDebugAssets UP-TO-DATE
> Task :expo-constants:bundleLibRuntimeToJarDebug UP-TO-DATE
> Task :app:mergeDebugResources UP-TO-DATE
> Task :react-native-gesture-handler:processDebugJavaRes UP-TO-DATE
> Task :expo-constants:processDebugJavaRes UP-TO-DATE
> Task :expo-constants:mergeDebugJniLibFolders UP-TO-DATE
> Task :expo-constants:mergeDebugNativeLibs NO-SOURCE
> Task :expo-constants:copyDebugJniLibsProjectOnly UP-TO-DATE
> Task :expo-constants:stripDebugDebugSymbols NO-SOURCE
> Task :react-native-gesture-handler:extractDebugAnnotations UP-TO-DATE
> Task :expo-constants:copyDebugJniLibsProjectAndLocalJars UP-TO-DATE
> Task :app:packageDebugResources UP-TO-DATE
> Task :react-native-gesture-handler:mergeDebugGeneratedProguardFiles UP-TO-DATE
> Task :react-native-gesture-handler:mergeDebugConsumerProguardFiles UP-TO-DATE
> Task :app:parseDebugLocalResources UP-TO-DATE
> Task :app:createDebugCompatibleScreenManifests UP-TO-DATE
> Task :expo-constants:extractDebugAnnotations UP-TO-DATE
> Task :react-native-gesture-handler:mergeDebugJavaResource UP-TO-DATE
> Task :app:extractDeepLinksDebug UP-TO-DATE
> Task :expo-constants:extractDeepLinksForAarDebug UP-TO-DATE
> Task :react-native-gesture-handler:syncDebugLibJars UP-TO-DATE
> Task :expo-constants:mergeDebugGeneratedProguardFiles UP-TO-DATE
> Task :expo-constants:mergeDebugConsumerProguardFiles UP-TO-DATE
> Task :expo-constants:prepareDebugArtProfile UP-TO-DATE
> Task :expo-constants:prepareLintJarForPublish UP-TO-DATE
> Task :expo-constants:mergeDebugJavaResource UP-TO-DATE
> Task :expo-constants:syncDebugLibJars UP-TO-DATE
> Task :expo-constants:bundleDebugAar UP-TO-DATE
> Task :expo-constants:assembleDebug UP-TO-DATE
> Task :app:processDebugMainManifest UP-TO-DATE
> Task :app:expoDebugOverrideMaxSdkConflicts UP-TO-DATE
> Task :app:processDebugManifest UP-TO-DATE
> Task :app:processDebugManifestForPackage UP-TO-DATE
> Task :expo:compileDebugKotlin UP-TO-DATE
> Task :expo:compileDebugJavaWithJavac UP-TO-DATE
> Task :expo:bundleLibCompileToJarDebug UP-TO-DATE
> Task :expo:bundleLibRuntimeToJarDebug UP-TO-DATE
> Task :expo:processDebugJavaRes UP-TO-DATE
> Task :expo:extractDebugAnnotations UP-TO-DATE
> Task :expo:mergeDebugGeneratedProguardFiles UP-TO-DATE
> Task :expo:mergeDebugConsumerProguardFiles UP-TO-DATE
> Task :app:processDebugResources UP-TO-DATE
> Task :expo:mergeDebugJavaResource UP-TO-DATE
> Task :expo:syncDebugLibJars UP-TO-DATE
> Task :expo:bundleDebugAar UP-TO-DATE
> Task :expo:assembleDebug UP-TO-DATE
> Task :app:compileDebugKotlin UP-TO-DATE
> Task :app:javaPreCompileDebug UP-TO-DATE
> Task :app:compileDebugJavaWithJavac UP-TO-DATE
> Task :app:mergeDebugShaders UP-TO-DATE
> Task :app:compileDebugShaders NO-SOURCE
> Task :app:generateDebugAssets UP-TO-DATE
> Task :app:mergeDebugAssets UP-TO-DATE
> Task :app:compressDebugAssets UP-TO-DATE
> Task :app:desugarDebugFileDependencies UP-TO-DATE
> Task :app:transformDebugClassesWithAsm UP-TO-DATE
> Task :app:dexBuilderDebug UP-TO-DATE
> Task :app:mergeDebugGlobalSynthetics UP-TO-DATE
> Task :app:processDebugJavaRes UP-TO-DATE
> Task :app:mergeDebugJavaResource UP-TO-DATE
> Task :app:checkDebugDuplicateClasses UP-TO-DATE
> Task :app:mergeExtDexDebug UP-TO-DATE
> Task :app:mergeLibDexDebug UP-TO-DATE
> Task :app:mergeProjectDexDebug UP-TO-DATE
> Task :app:mergeDebugJniLibFolders UP-TO-DATE
> Task :app:validateSigningDebug UP-TO-DATE
> Task :app:writeDebugAppMetadata UP-TO-DATE
> Task :app:writeDebugSigningConfigVersions UP-TO-DATE
> Task :react-native-worklets:configureCMakeDebug[x86_64]
> Task :react-native-screens:buildCMakeDebug[x86_64]
> Task :react-native-screens:mergeDebugJniLibFolders UP-TO-DATE
> Task :react-native-screens:extractDebugAnnotations UP-TO-DATE
> Task :react-native-screens:extractDeepLinksForAarDebug UP-TO-DATE
> Task :react-native-screens:mergeDebugGeneratedProguardFiles UP-TO-DATE
> Task :react-native-screens:mergeDebugConsumerProguardFiles UP-TO-DATE
> Task :react-native-screens:prepareDebugArtProfile UP-TO-DATE
> Task :react-native-screens:prepareLintJarForPublish UP-TO-DATE
> Task :react-native-screens:mergeDebugJavaResource UP-TO-DATE
> Task :react-native-screens:syncDebugLibJars UP-TO-DATE
> Task :react-native-screens:mergeDebugNativeLibs
> Task :react-native-screens:stripDebugDebugSymbols
> Task :react-native-screens:copyDebugJniLibsProjectAndLocalJars
> Task :react-native-screens:copyDebugJniLibsProjectOnly
> Task :react-native-screens:bundleDebugAar
> Task :react-native-screens:assembleDebug

> Task :react-native-worklets:buildCMakeDebug[x86_64][worklets]
C/C++: Hard link from 'C:\Users\willi\.gradle\caches\9.3.1\transforms\95d994617c82cc4e1583c30dbb2a4701\workspace\transformed\react-android-0.86.3-debug\prefab\modules\reactnative\libs\android.x86_64\libreactnative.so' to 'F:\Mooby\truco-mineiro\node_modules\react-native-worklets\android\build\intermediates\cxx\Debug\5i3a3w52\obj\x86_64\libreactnative.so' failed. Doing a slower copy instead.
C/C++: Hard link from 'C:\Users\willi\.gradle\caches\9.3.1\transforms\95d994617c82cc4e1583c30dbb2a4701\workspace\transformed\react-android-0.86.3-debug\prefab\modules\reactnative\libs\android.x86_64\libreactnative.so' to 'F:\Mooby\truco-mineiro\node_modules\react-native-worklets\android\build\intermediates\cxx\Debug\5i3a3w52\obj\x86_64\libreactnative.so' failed. Doing a slower copy instead.

> Task :react-native-worklets:externalNativeBuildDebug
> Task :react-native-worklets:generateJsonModelDebug
> Task :react-native-worklets:prefabDebugConfigurePackage
> Task :react-native-worklets:prefabDebugPackage
> Task :react-native-worklets:mergeDebugJniLibFolders UP-TO-DATE
> Task :react-native-worklets:extractDebugAnnotations UP-TO-DATE
> Task :react-native-worklets:extractDeepLinksForAarDebug UP-TO-DATE
> Task :react-native-worklets:mergeDebugGeneratedProguardFiles UP-TO-DATE
> Task :react-native-worklets:mergeDebugConsumerProguardFiles UP-TO-DATE
> Task :react-native-worklets:prepareDebugArtProfile UP-TO-DATE
> Task :react-native-worklets:prepareLintJarForPublish UP-TO-DATE
> Task :react-native-worklets:mergeDebugJavaResource UP-TO-DATE
> Task :react-native-worklets:syncDebugLibJars UP-TO-DATE
> Task :react-native-reanimated:configureCMakeDebug[x86_64]
> Task :react-native-reanimated:generateJsonModelDebug
> Task :expo-modules-core:configureCMakeDebug[x86_64]
> Task :react-native-reanimated:prefabDebugConfigurePackage
> Task :react-native-worklets:mergeDebugNativeLibs
> Task :react-native-worklets:stripDebugDebugSymbols
> Task :react-native-worklets:copyDebugJniLibsProjectOnly
> Task :react-native-worklets:copyDebugJniLibsProjectAndLocalJars
> Task :react-native-reanimated:buildCMakeDebug[x86_64][reanimated]
> Task :expo-modules-core:buildCMakeDebug[x86_64]
> Task :react-native-worklets:bundleDebugAar
> Task :react-native-worklets:assembleDebug
> Task :expo-modules-core:mergeDebugNativeLibs
> Task :expo-modules-core:stripDebugDebugSymbols
> Task :expo-modules-core:copyDebugJniLibsProjectAndLocalJars
> Task :expo-modules-core:copyDebugJniLibsProjectOnly
> Task :react-native-reanimated:externalNativeBuildDebug
> Task :expo-modules-core:bundleDebugAar
> Task :expo-modules-core:assembleDebug
> Task :react-native-reanimated:prefabDebugPackage
> Task :react-native-gesture-handler:configureCMakeDebug[x86_64]
> Task :react-native-reanimated:mergeDebugNativeLibs
> Task :react-native-reanimated:stripDebugDebugSymbols
> Task :react-native-reanimated:copyDebugJniLibsProjectOnly
> Task :react-native-reanimated:copyDebugJniLibsProjectAndLocalJars
> Task :app:configureCMakeDebug[x86_64]
> Task :react-native-gesture-handler:buildCMakeDebug[x86_64]
> Task :react-native-gesture-handler:mergeDebugNativeLibs
> Task :react-native-gesture-handler:stripDebugDebugSymbols
> Task :react-native-gesture-handler:copyDebugJniLibsProjectOnly
> Task :react-native-gesture-handler:copyDebugJniLibsProjectAndLocalJars
> Task :react-native-gesture-handler:bundleDebugAar
> Task :react-native-gesture-handler:assembleDebug

> Task :app:buildCMakeDebug[x86_64]
C/C++: Hard link from 'C:\Users\willi\.gradle\caches\9.3.1\transforms\95d994617c82cc4e1583c30dbb2a4701\workspace\transformed\react-android-0.86.3-debug\prefab\modules\reactnative\libs\android.x86_64\libreactnative.so' to 'F:\Mooby\truco-mineiro\android\app\build\intermediates\cxx\Debug\6j5x372i\obj\x86_64\libreactnative.so' failed. Doing a slower copy instead.
C/C++: Hard link from 'C:\Users\willi\.gradle\caches\9.3.1\transforms\95d994617c82cc4e1583c30dbb2a4701\workspace\transformed\react-android-0.86.3-debug\prefab\modules\reactnative\libs\android.x86_64\libreactnative.so' to 'F:\Mooby\truco-mineiro\android\app\build\intermediates\cxx\Debug\6j5x372i\obj\x86_64\libreactnative.so' failed. Doing a slower copy instead.

> Task :app:mergeDebugNativeLibs
> Task :app:stripDebugDebugSymbols
> Task :app:packageDebug
> Task :app:createDebugApkListingFileRedirect UP-TO-DATE
> Task :app:assembleDebug
> Task :react-native-reanimated:bundleDebugAar
> Task :react-native-reanimated:assembleDebug

[Incubating] Problems report is available at: file:///F:/Mooby/truco-mineiro/android/build/reports/problems/problems-report.html

Deprecated Gradle features were used in this build, making it incompatible with Gradle 10.

You can use '--warning-mode all' to show the individual deprecation warnings and determine if they come from your own scripts or plugins.

For more on this, please refer to https://docs.gradle.org/9.3.1/userguide/command_line_interface.html#sec:command_line_warnings in the Gradle documentation.

BUILD SUCCESSFUL in 28s
1033 actionable tasks: 50 executed, 983 up-to-date
